stage,datetime,discharge,log_stage,log_discharge
1.63,1962-04-02,2.0,0.21218760440395779,0.3010299956639812
1.63,1962-04-03,2.0,0.21218760440395779,0.3010299956639812
1.63,1962-04-04,2.0,0.21218760440395779,0.3010299956639812
1.65,1962-04-05,2.0,0.21748394421390627,0.3010299956639812
1.65,1962-04-06,2.0,0.21748394421390627,0.3010299956639812
1.65,1962-04-07,2.0,0.21748394421390627,0.3010299956639812
1.65,1962-04-08,2.0,0.21748394421390627,0.3010299956639812
1.67,1962-04-09,2.0,0.22271647114758325,0.3010299956639812
1.67,1962-04-10,2.0,0.22271647114758325,0.3010299956639812
1.67,1962-04-11,2.0,0.22271647114758325,0.3010299956639812
1.67,1962-04-12,2.0,0.22271647114758325,0.3010299956639812
1.69,1962-04-13,2.0,0.22788670461367352,0.3010299956639812
1.69,1962-04-14,2.0,0.22788670461367352,0.3010299956639812
1.69,1962-04-15,2.0,0.22788670461367352,0.3010299956639812
1.69,1962-04-16,2.0,0.22788670461367352,0.3010299956639812
1.69,1962-04-17,2.0,0.22788670461367352,0.3010299956639812
1.61,1962-04-18,2.0,0.20682587603184974,0.3010299956639812
1.61,1962-04-19,2.0,0.20682587603184974,0.3010299956639812
1.61,1962-04-20,2.0,0.20682587603184974,0.3010299956639812
1.61,1962-04-21,2.0,0.20682587603184974,0.3010299956639812
1.61,1962-04-22,2.0,0.20682587603184974,0.3010299956639812
1.61,1962-04-23,2.0,0.20682587603184974,0.3010299956639812
1.61,1962-04-24,2.0,0.20682587603184974,0.3010299956639812
1.63,1962-04-25,2.0,0.21218760440395779,0.3010299956639812
1.63,1962-04-26,2.0,0.21218760440395779,0.3010299956639812
1.63,1962-04-27,2.0,0.21218760440395779,0.3010299956639812
1.63,1962-04-28,2.0,0.21218760440395779,0.3010299956639812
1.61,1962-04-29,2.0,0.20682587603184974,0.3010299956639812
1.63,1962-04-30,2.0,0.21218760440395779,0.3010299956639812
1.63,1962-05-01,2.0,0.21218760440395779,0.3010299956639812
1.61,1962-05-02,2.0,0.20682587603184974,0.3010299956639812
1.61,1962-05-03,2.0,0.20682587603184974,0.3010299956639812
1.63,1962-05-04,2.0,0.21218760440395779,0.3010299956639812
1.61,1962-05-05,2.0,0.20682587603184974,0.3010299956639812
1.64,1962-05-06,2.0,0.21484384804769785,0.3010299956639812
1.67,1962-05-07,2.0,0.22271647114758325,0.3010299956639812
1.65,1962-05-08,2.0,0.21748394421390627,0.3010299956639812
1.65,1962-05-09,2.0,0.21748394421390627,0.3010299956639812
1.63,1962-05-10,2.0,0.21218760440395779,0.3010299956639812
1.71,1962-05-11,2.0,0.23299611039215382,0.3010299956639812
1.71,1962-05-12,2.0,0.23299611039215382,0.3010299956639812
1.79,1962-05-13,2.0,0.2528530309798932,0.3010299956639812
1.77,1962-05-14,2.0,0.24797326636180664,0.3010299956639812
1.75,1962-05-15,2.0,0.24303804868629444,0.3010299956639812
1.73,1962-05-16,2.0,0.2380461031287954,0.3010299956639812
1.69,1962-05-17,2.0,0.22788670461367352,0.3010299956639812
1.55,1962-05-18,2.0,0.1903316981702915,0.3010299956639812
1.49,1962-05-19,2.0,0.17318626841227402,0.3010299956639812
1.41,1962-05-20,1.0,0.14921911265537988,0.0
5.39,1962-08-01,51.0,0.7315887651867387,1.7075701760979363
5.43,1962-08-02,52.0,0.7347998295888469,1.7160033436347992
5.51,1962-08-03,56.0,0.741151598851785,1.7481880270062005
5.51,1962-08-04,56.0,0.741151598851785,1.7481880270062005
5.53,1962-08-05,57.0,0.7427251313046983,1.7558748556724915
5.54,1962-08-06,56.0,0.7435097647284298,1.7481880270062005
5.48,1962-08-07,51.0,0.7387805584843692,1.7075701760979363
5.46,1962-08-08,48.0,0.7371926427047373,1.6812412373755872
5.43,1962-08-09,45.0,0.7347998295888469,1.6532125137753437
5.41,1962-08-10,44.0,0.7331972651065695,1.6434526764861874
5.41,1962-08-11,42.0,0.7331972651065695,1.6232492903979006
5.45,1962-08-12,47.0,0.7363965022766424,1.6720978579357175
5.41,1962-08-13,39.0,0.7331972651065695,1.591064607026499
5.43,1962-08-14,39.0,0.7347998295888469,1.591064607026499
5.43,1962-08-15,38.0,0.7347998295888469,1.5797835966168101
5.43,1962-08-16,37.0,0.7347998295888469,1.568201724066995
5.43,1962-08-17,35.0,0.7347998295888469,1.5440680443502757
5.41,1962-08-18,33.0,0.7331972651065695,1.5185139398778875
5.41,1962-08-19,32.0,0.7331972651065695,1.505149978319906
5.41,1962-08-20,30.0,0.7331972651065695,1.4771212547196624
5.41,1962-08-21,28.0,0.7331972651065695,1.4471580313422192
5.37,1962-08-22,25.0,0.7299742856995556,1.3979400086720377
5.43,1962-08-23,28.0,0.7347998295888469,1.4471580313422192
5.41,1962-08-24,25.0,0.7331972651065695,1.3979400086720377
5.4,1962-08-25,24.0,0.7323937598229685,1.380211241711606
5.44,1962-08-26,27.0,0.7355988996981799,1.4313637641589874
5.43,1962-08-27,26.0,0.7347998295888469,1.414973347970818
5.42,1962-08-28,24.0,0.7339992865383869,1.380211241711606
5.45,1962-08-29,27.0,0.7363965022766424,1.4313637641589874
5.59,1962-08-30,32.0,0.7474118078864233,1.505149978319906
5.67,1962-08-31,33.0,0.7535830588929066,1.5185139398778875
5.77,1962-09-01,42.0,0.7611758131557314,1.6232492903979006
5.79,1962-09-02,43.0,0.7626785637274363,1.6334684555795864
5.81,1962-09-03,44.0,0.7641761323903307,1.6434526764861874
5.81,1962-09-04,43.0,0.7641761323903307,1.6334684555795864
5.79,1962-09-05,42.0,0.7626785637274363,1.6232492903979006
5.77,1962-09-06,40.0,0.7611758131557314,1.6020599913279623
5.89,1962-09-07,50.0,0.7701152947871016,1.6989700043360187
6.07,1962-09-08,72.0,0.7831886910752576,1.8573324964312685
6.11,1962-09-09,75.0,0.7860412102425542,1.8750612633917
6.37,1962-09-10,115.0,0.8041394323353505,2.060697840353612
6.43,1962-09-11,125.0,0.8082109729242221,2.0969100130080562
7.17,1962-09-12,357.0,0.8555191556678001,2.552668216112193
7.41,1962-09-13,482.0,0.8698182079793282,2.6830470382388496
7.45,1962-09-14,503.0,0.8721562727482929,2.7015679850559273
7.47,1962-09-15,515.0,0.8733206018153987,2.711807229041191
7.47,1962-09-16,512.0,0.8733206018153987,2.709269960975831
7.17,1962-09-21,345.0,0.8555191556678001,2.537819095073274
6.95,1962-09-27,220.0,0.8419848045901139,2.342422680822206
6.91,1962-09-28,210.0,0.8394780473741984,2.322219294733919
6.93,1962-09-29,210.0,0.8407332346118067,2.322219294733919
6.85,1962-10-02,175.0,0.8356905714924255,2.2430380486862944
6.89,1962-10-03,189.0,0.8382192219076258,2.2764618041732443
6.95,1962-10-04,202.0,0.8419848045901139,2.305351369446624
7.01,1962-10-05,230.0,0.8457180179666587,2.361727836017593
7.07,1962-10-06,256.0,0.8494194137968994,2.4082399653118496
7.09,1962-10-07,265.0,0.8506462351830665,2.423245873936808
7.11,1962-10-08,270.0,0.8518696007297664,2.4313637641589874
7.11,1962-10-09,278.0,0.8518696007297664,2.444044795918076
7.03,1962-10-13,220.0,0.846955325019824,2.342422680822206
6.88,1962-10-16,168.0,0.8375884382355113,2.225309281725863
6.83,1962-10-17,155.0,0.8344207036815325,2.1903316981702914
6.79,1962-10-18,145.0,0.8318697742805017,2.161368002234975
6.71,1962-10-19,125.0,0.8267225201689921,2.0969100130080562
6.67,1962-10-20,113.0,0.8241258339165489,2.0530784434834195
6.63,1962-10-21,105.0,0.8215135284047731,2.0211892990699383
6.27,1962-10-25,45.0,0.7972675408307164,1.6532125137753437
6.25,1962-10-26,47.0,0.7958800173440752,1.6720978579357175
6.13,1962-10-27,37.0,0.787460474518415,1.568201724066995
6.01,1962-10-28,30.0,0.7788744720027395,1.4771212547196624
5.91,1962-10-29,24.0,0.7715874808812554,1.380211241711606
5.79,1962-10-30,18.0,0.7626785637274363,1.255272505103306
5.75,1962-10-31,17.0,0.7596678446896304,1.2304489213782739
5.69,1962-11-01,15.0,0.7551122663950712,1.1760912590556813
5.65,1962-11-02,15.0,0.7520484478194386,1.1760912590556813
5.53,1962-11-03,15.0,0.7427251313046983,1.1760912590556813
5.39,1962-11-04,14.0,0.7315887651867387,1.146128035678238
5.41,1962-11-05,12.0,0.7331972651065695,1.0791812460476249
5.31,1962-11-06,10.0,0.725094521081469,1.0
5.29,1962-11-07,11.0,0.7234556720351858,1.0413926851582251
5.29,1962-11-08,11.0,0.7234556720351858,1.0413926851582251
5.23,1962-11-09,10.0,0.7185016888672743,1.0
5.19,1962-11-10,10.0,0.7151673578484579,1.0
5.13,1962-11-11,10.0,0.7101173651118162,1.0
5.11,1962-11-12,10.0,0.7084209001347127,1.0
5.05,1962-11-13,10.0,0.7032913781186614,1.0
4.93,1962-11-14,9.0,0.69284691927723,0.9542425094393249
4.91,1962-11-15,9.0,0.6910814921229684,0.9542425094393249
4.83,1962-11-16,8.0,0.6839471307515121,0.9030899869919435
4.73,1962-11-17,7.0,0.6748611407378116,0.8450980400142568
4.71,1962-11-18,8.0,0.6730209071288962,0.9030899869919435
4.65,1962-11-19,7.0,0.667452952889954,0.8450980400142568
4.53,1962-11-20,7.0,0.6560982020128319,0.8450980400142568
4.41,1962-11-21,6.0,0.6444385894678385,0.7781512503836436
4.33,1962-11-22,6.0,0.6364878963533654,0.7781512503836436
4.29,1962-11-23,6.0,0.6324572921847242,0.7781512503836436
4.19,1962-11-24,6.0,0.6222140229662954,0.7781512503836436
4.11,1962-11-25,5.0,0.6138418218760693,0.6989700043360189
4.05,1962-11-26,5.0,0.6074550232146685,0.6989700043360189
3.99,1962-11-27,5.0,0.6009728956867483,0.6989700043360189
3.93,1962-11-28,5.0,0.5943925503754267,0.6989700043360189
3.89,1962-11-29,5.0,0.5899496013257077,0.6989700043360189
3.83,1962-11-30,5.0,0.5831987739686227,0.6989700043360189
3.71,1962-12-01,5.0,0.5693739096150459,0.6989700043360189
3.65,1962-12-02,5.0,0.5622928644564748,0.6989700043360189
3.59,1962-12-03,5.0,0.5550944485783191,0.6989700043360189
3.52,1962-12-04,4.0,0.5465426634781311,0.6020599913279624
3.4,1962-12-05,4.0,0.5314789170422551,0.6020599913279624
3.31,1962-12-06,4.0,0.5198279937757188,0.6020599913279624
3.2,1962-12-07,3.0,0.505149978319906,0.47712125471966244
3.09,1962-12-08,3.0,0.4899584794248346,0.47712125471966244
3.0,1962-12-09,3.0,0.47712125471966244,0.47712125471966244
2.91,1962-12-10,3.0,0.4638929889859073,0.47712125471966244
2.82,1962-12-11,3.0,0.45024910831936105,0.47712125471966244
2.75,1962-12-12,3.0,0.43933269383026263,0.47712125471966244
2.65,1962-12-13,3.0,0.42324587393680785,0.47712125471966244
2.59,1962-12-14,3.0,0.4132997640812518,0.47712125471966244
2.53,1962-12-15,3.0,0.40312052117581787,0.47712125471966244
2.43,1962-12-16,2.0,0.38560627359831223,0.3010299956639812
2.37,1962-12-17,2.0,0.37474834601010387,0.3010299956639812
2.27,1962-12-18,2.0,0.35602585719312274,0.3010299956639812
2.13,1962-12-19,2.0,0.3283796034387377,0.3010299956639812
2.01,1962-12-20,2.0,0.30319605742048883,0.3010299956639812
1.99,1962-12-21,2.0,0.29885307640970665,0.3010299956639812
1.95,1962-12-22,2.0,0.290034611362518,0.3010299956639812
1.87,1962-12-23,2.0,0.27184160653649897,0.3010299956639812
1.83,1962-12-24,2.0,0.26245108973042947,0.3010299956639812
1.77,1962-12-25,2.0,0.24797326636180664,0.3010299956639812
1.73,1962-12-26,2.0,0.2380461031287954,0.3010299956639812
1.71,1962-12-27,2.0,0.23299611039215382,0.3010299956639812
1.69,1962-12-28,2.0,0.22788670461367352,0.3010299956639812
1.63,1962-12-29,2.0,0.21218760440395779,0.3010299956639812
1.59,1962-12-30,2.0,0.2013971243204515,0.3010299956639812
1.52,1962-12-31,2.0,0.18184358794477254,0.3010299956639812
2.53,1997-07-04,2.0,0.40312052117581787,0.3010299956639812
3.12,1997-07-05,5.0,0.4941545940184428,0.6989700043360189
3.25,1997-07-06,5.0,0.5118833609788743,0.6989700043360189
3.58,1997-07-07,7.0,0.5538830266438743,0.8450980400142568
3.54,1997-07-08,7.0,0.5490032620257879,0.8450980400142568
3.48,1997-07-09,7.0,0.541579243946581,0.8450980400142568
3.43,1997-07-10,6.0,0.5352941200427705,0.7781512503836436
3.23,1997-07-11,5.0,0.5092025223311029,0.6989700043360189
2.95,1997-07-12,4.0,0.46982201597816303,0.6020599913279624
2.73,1997-07-13,3.0,0.436162647040756,0.47712125471966244
2.56,1997-07-14,2.0,0.4082399653118496,0.3010299956639812
2.48,1997-07-15,2.0,0.3944516808262163,0.3010299956639812
2.48,1997-07-16,2.0,0.3944516808262163,0.3010299956639812
2.46,1997-07-17,2.0,0.39093510710337914,0.3010299956639812
2.46,1997-07-18,2.0,0.39093510710337914,0.3010299956639812
2.45,1997-07-19,2.0,0.3891660843645325,0.3010299956639812
2.67,1997-07-20,3.0,0.42651126136457523,0.47712125471966244
2.93,1997-07-21,4.0,0.4668676203541095,0.6020599913279624
3.08,1997-07-22,4.0,0.4885507165004443,0.6020599913279624
3.52,1997-07-23,6.0,0.5465426634781311,0.7781512503836436
3.75,1997-07-24,8.0,0.5740312677277188,0.9030899869919435
3.86,1997-07-25,9.0,0.5865873046717549,0.9542425094393249
3.93,1997-07-26,9.0,0.5943925503754267,0.9542425094393249
3.98,1997-07-27,10.0,0.5998830720736879,1.0
4.0,1997-07-28,10.0,0.6020599913279624,1.0
4.1,1997-07-29,11.0,0.6127838567197355,1.0413926851582251
4.23,1997-07-30,12.0,0.6263403673750424,1.0791812460476249
4.24,1997-07-31,12.0,0.6273658565927327,1.0791812460476249
4.31,1997-08-01,12.0,0.6344772701607315,1.0791812460476249
4.4,1997-08-02,13.0,0.6434526764861874,1.1139433523068367
4.55,1997-08-03,15.0,0.6580113966571124,1.1760912590556813
4.84,1997-08-04,17.0,0.6848453616444125,1.2304489213782739
4.92,1997-08-05,18.0,0.6919651027673603,1.255272505103306
5.0,1997-08-06,19.0,0.6989700043360189,1.2787536009528289
5.11,1997-08-07,20.0,0.7084209001347127,1.3010299956639813
5.16,1997-08-08,21.0,0.7126497016272114,1.3222192947339193
5.24,1997-08-09,23.0,0.7193312869837266,1.3617278360175928
5.3,1997-08-10,25.0,0.724275869600789,1.3979400086720377
5.34,1997-08-11,25.0,0.7275412570285564,1.3979400086720377
5.39,1997-08-12,26.0,0.7315887651867387,1.414973347970818
5.47,1997-08-13,28.0,0.7379873263334308,1.4471580313422192
5.52,1997-08-14,29.0,0.7419390777291989,1.462397997898956
5.59,1997-08-15,34.0,0.7474118078864233,1.5314789170422551
5.61,1997-08-16,35.0,0.7489628612561614,1.5440680443502757
5.81,1997-08-17,58.0,0.7641761323903307,1.7634279935629373
5.56,1997-08-20,32.0,0.7450747915820575,1.505149978319906
5.5,1997-08-21,29.0,0.7403626894942439,1.462397997898956
5.44,1997-08-22,27.0,0.7355988996981799,1.4313637641589874
5.38,1997-08-23,26.0,0.7307822756663892,1.414973347970818
5.35,1997-08-24,25.0,0.7283537820212285,1.3979400086720377
5.37,1997-08-25,25.0,0.7299742856995556,1.3979400086720377
5.36,1997-08-26,25.0,0.7291647896927701,1.3979400086720377
5.35,1997-08-27,25.0,0.7283537820212285,1.3979400086720377
5.31,1997-08-28,24.0,0.725094521081469,1.380211241711606
5.28,1997-08-29,23.0,0.7226339225338123,1.3617278360175928
5.29,1997-08-30,23.0,0.7234556720351858,1.3617278360175928
5.41,1997-08-31,26.0,0.7331972651065695,1.414973347970818
5.45,1997-09-01,27.0,0.7363965022766424,1.4313637641589874
5.47,1997-09-02,27.0,0.7379873263334308,1.4313637641589874
5.49,1997-09-03,28.0,0.7395723444500919,1.4471580313422192
5.51,1997-09-04,28.0,0.741151598851785,1.4471580313422192
5.5,1997-09-05,28.0,0.7403626894942439,1.4471580313422192
5.58,1997-09-06,32.0,0.7466341989375788,1.505149978319906
5.58,1997-09-07,32.0,0.7466341989375788,1.505149978319906
5.58,1997-09-08,32.0,0.7466341989375788,1.505149978319906
5.57,1997-09-09,31.0,0.7458551951737289,1.4913616938342726
5.54,1997-09-10,29.0,0.7435097647284298,1.462397997898956
5.5,1997-09-11,28.0,0.7403626894942439,1.4471580313422192
5.53,1997-09-12,28.0,0.7427251313046983,1.4471580313422192
5.49,1997-09-13,27.0,0.7395723444500919,1.4313637641589874
5.43,1997-09-14,26.0,0.7347998295888469,1.414973347970818
5.37,1997-09-15,24.0,0.7299742856995556,1.380211241711606
5.37,1997-09-16,24.0,0.7299742856995556,1.380211241711606
5.35,1997-09-17,24.0,0.7283537820212285,1.380211241711606
5.29,1997-09-18,22.0,0.7234556720351858,1.3424226808222062
5.24,1997-09-19,21.0,0.7193312869837266,1.3222192947339193
5.31,1997-09-20,23.0,0.725094521081469,1.3617278360175928
5.36,1997-09-21,24.0,0.7291647896927701,1.380211241711606
5.44,1997-09-22,26.0,0.7355988996981799,1.414973347970818
5.5,1997-09-23,27.0,0.7403626894942439,1.4313637641589874
5.73,1997-09-24,46.0,0.75815462196739,1.662757831681574
5.78,1997-09-25,52.0,0.761927838420529,1.7160033436347992
5.88,1997-09-26,62.0,0.7693773260761385,1.792391689498254
6.42,1997-09-27,121.0,0.8075350280688532,2.0827853703164503
6.51,1997-09-28,132.0,0.8135809885681919,2.12057393120585
6.58,1997-09-29,140.0,0.8182258936139555,2.146128035678238
6.7,1997-09-30,154.0,0.8260748027008264,2.187520720836463
6.88,1997-10-01,176.0,0.8375884382355113,2.24551266781415
7.2,1997-10-02,216.0,0.8573324964312685,2.3344537511509307
7.33,1997-10-03,232.0,0.865103974641128,2.3654879848909
7.42,1997-10-04,243.0,0.8704039052790271,2.385606273598312
7.69,1997-10-05,278.0,0.8859263398014311,2.444044795918076
7.84,1997-10-06,297.0,0.8943160626844384,2.4727564493172123
7.87,1997-10-07,300.0,0.8959747323590646,2.4771212547196626
7.76,1997-10-08,284.0,0.8898617212581884,2.4533183400470375
7.67,1997-10-09,269.0,0.884795363948981,2.429752280002408
7.6,1997-10-10,261.0,0.8808135922807914,2.416640507338281
7.55,1997-10-11,254.0,0.8779469516291882,2.404833716619938
7.41,1997-10-12,236.0,0.8698182079793282,2.3729120029701067
6.7,1997-10-16,148.0,0.8260748027008264,2.1702617153949575
6.63,1997-10-17,139.0,0.8215135284047731,2.143014800254095
6.58,1997-10-18,133.0,0.8182258936139555,2.123851640967086
6.53,1997-10-19,127.0,0.814913181275074,2.103803720955957
6.47,1997-10-20,119.0,0.8109042806687004,2.0755469613925306
6.41,1997-10-21,113.0,0.8068580295188175,2.0530784434834195
6.38,1997-10-22,110.0,0.8048206787211624,2.041392685158225
6.32,1997-10-23,103.0,0.800717078282385,2.012837224705172
6.23,1997-10-24,93.0,0.7944880466591696,1.968482948553935
6.13,1997-10-25,83.0,0.787460474518415,1.919078092376074
6.04,1997-10-26,74.0,0.7810369386211319,1.8692317197309762
5.9,1997-10-27,60.0,0.7708520116421442,1.7781512503836436
5.74,1997-10-29,44.0,0.7589118923979735,1.6434526764861874
5.62,1997-10-30,30.0,0.7497363155690611,1.4771212547196624
5.54,1997-10-31,27.0,0.7435097647284298,1.4313637641589874
5.48,1997-11-01,25.0,0.7387805584843692,1.3979400086720377
5.4,1997-11-02,24.0,0.7323937598229685,1.380211241711606
5.33,1997-11-03,22.0,0.7267272090265723,1.3424226808222062
5.27,1997-11-04,21.0,0.7218106152125465,1.3222192947339193
5.19,1997-11-05,19.0,0.7151673578484579,1.2787536009528289
5.15,1997-11-06,18.0,0.7118072290411911,1.255272505103306
5.12,1997-11-07,18.0,0.7092699609758307,1.255272505103306
5.0,1997-11-08,16.0,0.6989700043360189,1.2041199826559248
4.96,1997-11-09,16.0,0.6954816764901974,1.2041199826559248
4.88,1997-11-10,15.0,0.6884198220027106,1.1760912590556813
4.74,1997-11-11,14.0,0.6757783416740851,1.146128035678238
4.65,1997-11-12,13.0,0.667452952889954,1.1139433523068367
4.56,1997-11-13,13.0,0.658964842664435,1.1139433523068367
4.49,1997-11-14,12.0,0.6522463410033232,1.0791812460476249
4.44,1997-11-15,12.0,0.6473829701146199,1.0791812460476249
4.4,1997-11-16,11.0,0.6434526764861874,1.0413926851582251
4.38,1997-11-17,11.0,0.6414741105040995,1.0413926851582251
4.33,1997-11-18,11.0,0.6364878963533654,1.0413926851582251
4.26,1997-11-19,10.0,0.6294095991027189,1.0
4.18,1997-11-20,10.0,0.6211762817750351,1.0
4.12,1997-11-21,9.0,0.6148972160331346,0.9542425094393249
3.96,1997-11-22,8.0,0.5976951859255123,0.9030899869919435
3.86,1997-11-23,7.0,0.5865873046717549,0.8450980400142568
3.78,1997-11-24,7.0,0.5774917998372253,0.8450980400142568
3.71,1997-11-25,6.0,0.5693739096150459,0.7781512503836436
3.63,1997-11-26,6.0,0.5599066250361125,0.7781512503836436
3.58,1997-11-27,6.0,0.5538830266438743,0.7781512503836436
3.55,1997-11-28,6.0,0.5502283530550941,0.7781512503836436
3.49,1997-11-29,5.0,0.5428254269591799,0.6989700043360189
3.39,1997-11-30,5.0,0.5301996982030822,0.6989700043360189
3.33,1997-12-01,5.0,0.5224442335063199,0.6989700043360189
3.22,1997-12-02,4.0,0.5078558716958309,0.6020599913279624
3.16,1997-12-03,4.0,0.49968708261840383,0.6020599913279624
3.1,1997-12-04,4.0,0.4913616938342727,0.6020599913279624
3.0,1997-12-05,3.0,0.47712125471966244,0.47712125471966244
2.89,1997-12-06,3.0,0.4608978427565479,0.47712125471966244
2.78,1997-12-07,3.0,0.4440447959180762,0.47712125471966244
2.74,1997-12-08,2.0,0.437750562820388,0.3010299956639812
2.66,1997-12-09,2.0,0.424881636631067,0.3010299956639812
2.55,1997-12-10,2.0,0.4065401804339551,0.3010299956639812
2.48,1997-12-11,1.0,0.3944516808262163,0.0
2.42,1997-12-12,1.0,0.38381536598043126,0.0
2.36,1997-12-13,1.0,0.37291200297010657,0.0
2.15,1998-07-06,1.0,0.33243845991560533,0.0
2.44,1998-07-07,2.0,0.3873898263387294,0.3010299956639812
2.64,1998-07-08,3.0,0.42160392686983106,0.47712125471966244
2.71,1998-07-09,3.0,0.4329692908744057,0.47712125471966244
2.8,1998-07-10,3.0,0.4471580313422192,0.47712125471966244
2.83,1998-07-11,3.0,0.45178643552429026,0.47712125471966244
2.77,1998-07-12,3.0,0.4424797690644486,0.47712125471966244
2.72,1998-07-13,3.0,0.43456890403419873,0.47712125471966244
2.66,1998-07-14,3.0,0.424881636631067,0.47712125471966244
2.62,1998-07-15,2.0,0.41830129131974547,0.3010299956639812
2.54,1998-07-16,2.0,0.40483371661993806,0.3010299956639812
2.44,1998-07-17,2.0,0.3873898263387294,0.3010299956639812
2.83,1998-08-21,3.0,0.45178643552429026,0.47712125471966244
3.02,1998-08-22,4.0,0.48000694295715063,0.6020599913279624
3.39,1998-08-23,6.0,0.5301996982030822,0.7781512503836436
3.64,1998-08-24,7.0,0.561101383649056,0.8450980400142568
3.84,1998-08-25,8.0,0.5843312243675308,0.9030899869919435
3.86,1998-08-26,9.0,0.5865873046717549,0.9542425094393249
3.81,1998-08-27,9.0,0.5809249756756193,0.9542425094393249
3.71,1998-08-28,8.0,0.5693739096150459,0.9030899869919435
3.57,1998-08-29,7.0,0.5526682161121932,0.8450980400142568
3.4,1998-08-30,6.0,0.5314789170422551,0.7781512503836436
3.3,1998-08-31,5.0,0.5185139398778874,0.6989700043360189
3.19,1998-09-01,5.0,0.5037906830571811,0.6989700043360189
3.08,1998-09-02,4.0,0.4885507165004443,0.6020599913279624
3.02,1998-09-03,4.0,0.48000694295715063,0.6020599913279624
2.87,1998-09-04,3.0,0.4578818967339923,0.47712125471966244
2.75,1998-09-05,3.0,0.43933269383026263,0.47712125471966244
2.66,1998-09-06,2.0,0.424881636631067,0.3010299956639812
2.61,1998-09-07,2.0,0.41664050733828095,0.3010299956639812
2.57,1998-09-08,2.0,0.4099331233312945,0.3010299956639812
2.52,1998-09-09,2.0,0.4014005407815441,0.3010299956639812
2.47,1998-09-10,2.0,0.39269695325966575,0.3010299956639812
2.42,1998-09-11,1.0,0.38381536598043126,0.0
2.42,1998-09-12,1.0,0.38381536598043126,0.0
2.42,1998-09-13,1.0,0.38381536598043126,0.0
2.4,1998-09-14,1.0,0.38021124171160603,0.0
2.4,1998-09-15,1.0,0.38021124171160603,0.0
2.4,1998-09-16,1.0,0.38021124171160603,0.0
2.41,1998-09-17,1.0,0.3820170425748684,0.0
2.45,1998-09-18,1.0,0.3891660843645325,0.0
2.82,1998-09-19,3.0,0.45024910831936105,0.47712125471966244
2.98,1998-09-20,4.0,0.4742162640762552,0.6020599913279624
3.07,1998-09-21,4.0,0.48713837547718647,0.6020599913279624
3.33,1998-09-22,5.0,0.5224442335063199,0.6989700043360189
3.66,1998-09-23,7.0,0.5634810853944107,0.8450980400142568
4.17,1998-09-24,11.0,0.6201360549737575,1.0413926851582251
4.69,1998-09-25,15.0,0.6711728427150833,1.1760912590556813
5.04,1998-09-26,19.0,0.7024305364455253,1.2787536009528289
5.21,1998-09-27,22.0,0.7168377232995244,1.3424226808222062
5.3,1998-09-28,25.0,0.724275869600789,1.3979400086720377
5.38,1998-09-29,26.0,0.7307822756663892,1.414973347970818
5.44,1998-09-30,28.0,0.7355988996981799,1.4471580313422192
5.46,1998-10-01,28.0,0.7371926427047373,1.4471580313422192
5.48,1998-10-02,29.0,0.7387805584843692,1.462397997898956
5.48,1998-10-03,29.0,0.7387805584843692,1.462397997898956
5.48,1998-10-04,29.0,0.7387805584843692,1.462397997898956
5.48,1998-10-05,28.0,0.7387805584843692,1.4471580313422192
5.46,1998-10-06,28.0,0.7371926427047373,1.4471580313422192
5.43,1998-10-07,27.0,0.7347998295888469,1.4313637641589874
5.4,1998-10-08,26.0,0.7323937598229685,1.414973347970818
5.47,1998-10-09,28.0,0.7379873263334308,1.4471580313422192
5.56,1998-10-10,32.0,0.7450747915820575,1.505149978319906
5.61,1998-10-11,35.0,0.7489628612561614,1.5440680443502757
5.66,1998-10-12,38.0,0.7528164311882715,1.5797835966168101
5.62,1998-10-13,34.0,0.7497363155690611,1.5314789170422551
5.57,1998-10-14,32.0,0.7458551951737289,1.505149978319906
5.54,1998-10-15,30.0,0.7435097647284298,1.4771212547196624
5.52,1998-10-16,29.0,0.7419390777291989,1.462397997898956
5.49,1998-10-17,29.0,0.7395723444500919,1.462397997898956
5.45,1998-10-18,28.0,0.7363965022766424,1.4471580313422192
5.42,1998-10-19,27.0,0.7339992865383869,1.4313637641589874
5.56,1998-10-20,32.0,0.7450747915820575,1.505149978319906
5.63,1998-10-21,37.0,0.7505083948513462,1.568201724066995
5.66,1998-10-22,38.0,0.7528164311882715,1.5797835966168101
5.67,1998-10-23,40.0,0.7535830588929066,1.6020599913279623
5.66,1998-10-24,39.0,0.7528164311882715,1.591064607026499
5.64,1998-10-25,36.0,0.7512791039833423,1.5563025007672873
5.62,1998-10-26,34.0,0.7497363155690611,1.5314789170422551
5.6,1998-10-27,35.0,0.7481880270062004,1.5440680443502757
5.58,1998-10-28,34.0,0.7466341989375788,1.5314789170422551
5.56,1998-10-29,32.0,0.7450747915820575,1.505149978319906
5.52,1998-10-30,30.0,0.7419390777291989,1.4771212547196624
5.48,1998-10-31,29.0,0.7387805584843692,1.462397997898956
5.44,1998-11-01,28.0,0.7355988996981799,1.4471580313422192
5.4,1998-11-02,27.0,0.7323937598229685,1.4313637641589874
5.41,1998-11-03,27.0,0.7331972651065695,1.4313637641589874
5.39,1998-11-04,27.0,0.7315887651867387,1.4313637641589874
5.38,1998-11-05,27.0,0.7307822756663892,1.4313637641589874
5.36,1998-11-06,26.0,0.7291647896927701,1.414973347970818
5.32,1998-11-07,25.0,0.7259116322950482,1.3979400086720377
5.3,1998-11-08,25.0,0.724275869600789,1.3979400086720377
5.26,1998-11-09,24.0,0.7209857441537391,1.380211241711606
5.23,1998-11-10,23.0,0.7185016888672743,1.3617278360175928
5.18,1998-11-11,22.0,0.714329759745233,1.3424226808222062
5.13,1998-11-12,21.0,0.7101173651118162,1.3222192947339193
5.08,1998-11-13,19.0,0.7058637122839193,1.2787536009528289
5.01,1998-11-14,19.0,0.6998377258672457,1.2787536009528289
4.97,1998-11-15,18.0,0.696356388733332,1.255272505103306
4.93,1998-11-16,18.0,0.69284691927723,1.255272505103306
4.89,1998-11-17,18.0,0.6893088591236202,1.255272505103306
4.85,1998-11-18,17.0,0.6857417386022636,1.2304489213782739
4.79,1998-11-19,17.0,0.6803355134145632,1.2304489213782739
4.74,1998-11-20,16.0,0.6757783416740851,1.2041199826559248
4.89,1998-11-21,18.0,0.6893088591236202,1.255272505103306
4.87,1998-11-22,18.0,0.6875289612146344,1.255272505103306
5.02,1998-11-23,19.0,0.7007037171450193,1.2787536009528289
5.0,1998-11-24,19.0,0.6989700043360189,1.2787536009528289
4.96,1998-11-25,18.0,0.6954816764901974,1.255272505103306
4.93,1998-11-26,18.0,0.69284691927723,1.255272505103306
4.93,1998-11-27,18.0,0.69284691927723,1.255272505103306
4.92,1998-11-28,18.0,0.6919651027673603,1.255272505103306
4.9,1998-11-29,18.0,0.6901960800285137,1.255272505103306
4.86,1998-11-30,18.0,0.6866362692622934,1.255272505103306
4.59,1998-12-01,15.0,0.6618126855372612,1.1760912590556813
4.51,1998-12-02,14.0,0.6541765418779605,1.146128035678238
4.42,1998-12-03,14.0,0.6454222693490919,1.146128035678238
4.35,1998-12-04,13.0,0.6384892569546373,1.1139433523068367
4.26,1998-12-05,12.0,0.6294095991027189,1.0791812460476249
4.17,1998-12-06,11.0,0.6201360549737575,1.0413926851582251
4.1,1998-12-07,11.0,0.6127838567197355,1.0413926851582251
4.01,1998-12-08,10.0,0.6031443726201823,1.0
3.92,1998-12-09,9.0,0.5932860670204573,0.9542425094393249
3.84,1998-12-10,8.0,0.5843312243675308,0.9030899869919435
3.76,1998-12-11,8.0,0.5751878449276611,0.9030899869919435
3.68,1998-12-12,7.0,0.5658478186735176,0.8450980400142568
3.59,1998-12-13,7.0,0.5550944485783191,0.8450980400142568
3.51,1998-12-14,6.0,0.5453071164658241,0.7781512503836436
3.43,1998-12-15,6.0,0.5352941200427705,0.7781512503836436
3.34,1998-12-16,5.0,0.5237464668115644,0.6989700043360189
3.25,1998-12-17,5.0,0.5118833609788743,0.6989700043360189
3.18,1998-12-18,5.0,0.5024271199844327,0.6989700043360189
3.09,1998-12-19,4.0,0.4899584794248346,0.6020599913279624
3.01,1998-12-20,4.0,0.47856649559384334,0.6020599913279624
2.93,1998-12-21,4.0,0.4668676203541095,0.6020599913279624
2.84,1998-12-22,3.0,0.45331834004703764,0.47712125471966244
2.76,1998-12-23,3.0,0.4409090820652177,0.47712125471966244
2.67,1998-12-24,3.0,0.42651126136457523,0.47712125471966244
2.59,1998-12-25,2.0,0.4132997640812518,0.3010299956639812
2.51,1998-12-26,2.0,0.3996737214810381,0.3010299956639812
2.42,1998-12-27,1.0,0.38381536598043126,0.0
2.35,1998-12-28,1.0,0.37106786227173627,0.0
2.66,1999-04-02,3.0,0.424881636631067,0.47712125471966244
2.45,1999-04-03,2.0,0.3891660843645325,0.3010299956639812
2.19,1999-04-08,1.0,0.34044411484011833,0.0
2.73,1999-04-09,3.0,0.436162647040756,0.47712125471966244
2.31,1999-04-15,1.0,0.36361197989214433,0.0
2.7,1999-04-26,3.0,0.43136376415898736,0.47712125471966244
3.18,1999-04-27,5.0,0.5024271199844327,0.6989700043360189
3.44,1999-04-28,7.0,0.5365584425715301,0.8450980400142568
3.11,1999-04-29,5.0,0.4927603890268375,0.6989700043360189
2.86,1999-04-30,4.0,0.456366033129043,0.6020599913279624
3.29,1999-05-01,6.0,0.5171958979499743,0.7781512503836436
4.51,1999-05-02,15.0,0.6541765418779605,1.1760912590556813
5.17,1999-05-03,23.0,0.7134905430939426,1.3617278360175928
5.31,1999-05-04,27.0,0.725094521081469,1.4313637641589874
5.47,1999-05-05,31.0,0.7379873263334308,1.4913616938342726
5.59,1999-05-06,37.0,0.7474118078864233,1.568201724066995
5.7,1999-05-07,49.0,0.7558748556724915,1.6901960800285136
5.79,1999-05-08,61.0,0.7626785637274363,1.7853298350107671
5.85,1999-05-09,68.0,0.7671558660821804,1.8325089127062364
5.56,1999-05-14,35.0,0.7450747915820575,1.5440680443502757
5.72,1999-05-15,52.0,0.7573960287930241,1.7160033436347992
5.88,1999-05-17,72.0,0.7693773260761385,1.8573324964312685
6.05,1999-05-18,91.0,0.7817553746524689,1.9590413923210936
6.07,1999-05-19,93.0,0.7831886910752576,1.968482948553935
6.15,1999-05-20,102.0,0.7888751157754168,2.0086001717619175
6.18,1999-05-21,105.0,0.7909884750888159,2.0211892990699383
6.2,1999-05-22,108.0,0.7923916894982539,2.03342375548695
6.23,1999-05-23,112.0,0.7944880466591696,2.0492180226701815
6.23,1999-05-24,112.0,0.7944880466591696,2.0492180226701815
6.25,1999-05-25,114.0,0.7958800173440752,2.0569048513364727
6.22,1999-05-26,110.0,0.7937903846908186,2.041392685158225
6.17,1999-05-27,104.0,0.7902851640332417,2.0170333392987803
6.27,1999-05-28,117.0,0.7972675408307164,2.0681858617461617
5.81,1999-06-04,63.0,0.7641761323903307,1.7993405494535817
5.9,1999-06-05,73.0,0.7708520116421442,1.863322860120456
5.96,1999-06-06,79.0,0.7752462597402364,1.8976270912904414
6.0,1999-06-07,83.0,0.7781512503836436,1.919078092376074
6.07,1999-06-08,91.0,0.7831886910752576,1.9590413923210936
6.12,1999-06-09,97.0,0.7867514221455612,1.9867717342662448
6.14,1999-06-10,99.0,0.7881683711411677,1.99563519459755
6.16,1999-06-11,101.0,0.7895807121644255,2.0043213737826426
6.18,1999-06-12,103.0,0.7909884750888159,2.012837224705172
6.2,1999-06-13,106.0,0.7923916894982539,2.0253058652647704
6.22,1999-06-14,108.0,0.7937903846908186,2.03342375548695
6.23,1999-06-15,110.0,0.7944880466591696,2.041392685158225
6.2,1999-06-16,106.0,0.7923916894982539,2.0253058652647704
6.22,1999-06-17,108.0,0.7937903846908186,2.03342375548695
6.26,1999-06-18,113.0,0.7965743332104297,2.0530784434834195
6.28,1999-06-19,116.0,0.7979596437371962,2.0644579892269186
6.31,1999-06-20,119.0,0.8000293592441343,2.0755469613925306
6.31,1999-06-21,119.0,0.8000293592441343,2.0755469613925306
6.26,1999-06-22,113.0,0.7965743332104297,2.0530784434834195
6.22,1999-06-23,108.0,0.7937903846908186,2.03342375548695
5.97,1999-07-01,79.0,0.7759743311293691,1.8976270912904414
5.83,1999-07-04,63.0,0.7656685547590141,1.7993405494535817
5.84,1999-07-05,65.0,0.7664128471123994,1.8129133566428555
5.84,1999-07-06,65.0,0.7664128471123994,1.8129133566428555
5.82,1999-07-07,62.0,0.7649229846498885,1.792391689498254
5.84,1999-07-08,65.0,0.7664128471123994,1.8129133566428555
5.88,1999-07-09,69.0,0.7693773260761385,1.8388490907372552
5.9,1999-07-10,71.0,0.7708520116421442,1.8512583487190752
5.88,1999-07-11,69.0,0.7693773260761385,1.8388490907372552
5.86,1999-07-12,67.0,0.7678976160180907,1.8260748027008264
5.88,1999-07-13,69.0,0.7693773260761385,1.8388490907372552
5.88,1999-07-14,69.0,0.7693773260761385,1.8388490907372552
5.66,1999-07-19,40.0,0.7528164311882715,1.6020599913279623
5.57,1999-07-20,34.0,0.7458551951737289,1.5314789170422551
5.54,1999-07-21,32.0,0.7435097647284298,1.505149978319906
5.5,1999-07-22,30.0,0.7403626894942439,1.4771212547196624
5.5,1999-07-23,30.0,0.7403626894942439,1.4771212547196624
5.48,1999-07-24,30.0,0.7387805584843692,1.4771212547196624
5.48,1999-07-25,30.0,0.7387805584843692,1.4771212547196624
5.49,1999-07-26,30.0,0.7395723444500919,1.4771212547196624
5.5,1999-07-27,30.0,0.7403626894942439,1.4771212547196624
5.5,1999-07-28,30.0,0.7403626894942439,1.4771212547196624
5.5,1999-07-29,30.0,0.7403626894942439,1.4771212547196624
5.49,1999-07-30,30.0,0.7395723444500919,1.4771212547196624
5.57,1999-07-31,34.0,0.7458551951737289,1.5314789170422551
5.67,1999-08-01,41.0,0.7535830588929066,1.6127838567197355
5.71,1999-08-02,47.0,0.756636108245848,1.6720978579357175
5.79,1999-08-03,58.0,0.7626785637274363,1.7634279935629373
5.83,1999-08-04,62.0,0.7656685547590141,1.792391689498254
5.85,1999-08-05,64.0,0.7671558660821804,1.806179973983887
5.86,1999-08-06,65.0,0.7678976160180907,1.8129133566428555
5.9,1999-08-07,69.0,0.7708520116421442,1.8388490907372552
5.94,1999-08-08,73.0,0.7737864449811935,1.863322860120456
5.98,1999-08-09,77.0,0.7767011839884109,1.8864907251724818
6.0,1999-08-10,79.0,0.7781512503836436,1.8976270912904414
6.04,1999-08-11,83.0,0.7810369386211319,1.919078092376074
6.04,1999-08-12,83.0,0.7810369386211319,1.919078092376074
6.04,1999-08-13,82.0,0.7810369386211319,1.9138138523837167
6.02,1999-08-14,80.0,0.7795964912578245,1.9030899869919435
5.99,1999-08-15,77.0,0.7774268223893114,1.8864907251724818
5.96,1999-08-16,73.0,0.7752462597402364,1.863322860120456
5.92,1999-08-17,69.0,0.7723217067229198,1.8388490907372552
5.92,1999-08-18,68.0,0.7723217067229198,1.8325089127062364
5.89,1999-08-19,65.0,0.7701152947871016,1.8129133566428555
5.85,1999-08-20,61.0,0.7671558660821804,1.7853298350107671
5.77,1999-08-21,52.0,0.7611758131557314,1.7160033436347992
5.63,1999-08-23,35.0,0.7505083948513462,1.5440680443502757
5.56,1999-08-24,30.0,0.7450747915820575,1.4771212547196624
5.6,1999-08-25,33.0,0.7481880270062004,1.5185139398778875
5.52,1999-08-26,28.0,0.7419390777291989,1.4471580313422192
5.48,1999-08-27,27.0,0.7387805584843692,1.4313637641589874
5.5,1999-08-28,27.0,0.7403626894942439,1.4313637641589874
5.51,1999-08-29,28.0,0.741151598851785,1.4471580313422192
5.48,1999-08-30,27.0,0.7387805584843692,1.4313637641589874
5.45,1999-08-31,26.0,0.7363965022766424,1.414973347970818
5.42,1999-09-01,25.0,0.7339992865383869,1.3979400086720377
5.4,1999-09-02,25.0,0.7323937598229685,1.3979400086720377
5.42,1999-09-03,25.0,0.7339992865383869,1.3979400086720377
5.4,1999-09-04,25.0,0.7323937598229685,1.3979400086720377
5.4,1999-09-05,25.0,0.7323937598229685,1.3979400086720377
5.4,1999-09-06,25.0,0.7323937598229685,1.3979400086720377
5.42,1999-09-07,25.0,0.7339992865383869,1.3979400086720377
5.44,1999-09-08,26.0,0.7355988996981799,1.414973347970818
5.46,1999-09-09,26.0,0.7371926427047373,1.414973347970818
5.5,1999-09-10,27.0,0.7403626894942439,1.4313637641589874
5.62,1999-09-11,32.0,0.7497363155690611,1.505149978319906
5.69,1999-09-12,40.0,0.7551122663950712,1.6020599913279623
5.7,1999-09-13,41.0,0.7558748556724915,1.6127838567197355
5.71,1999-09-14,43.0,0.756636108245848,1.6334684555795864
5.72,1999-09-15,44.0,0.7573960287930241,1.6434526764861874
5.74,1999-09-16,47.0,0.7589118923979735,1.6720978579357175
5.74,1999-09-17,46.0,0.7589118923979735,1.662757831681574
5.71,1999-09-18,42.0,0.756636108245848,1.6232492903979006
5.65,1999-09-19,34.0,0.7520484478194386,1.5314789170422551
5.61,1999-09-20,33.0,0.7489628612561614,1.5185139398778875
5.57,1999-09-21,30.0,0.7458551951737289,1.4771212547196624
5.53,1999-09-22,27.0,0.7427251313046983,1.4313637641589874
5.5,1999-09-23,26.0,0.7403626894942439,1.414973347970818
5.5,1999-09-24,26.0,0.7403626894942439,1.414973347970818
5.51,1999-09-25,26.0,0.741151598851785,1.414973347970818
5.48,1999-09-26,26.0,0.7387805584843692,1.414973347970818
5.48,1999-09-27,26.0,0.7387805584843692,1.414973347970818
5.46,1999-09-28,25.0,0.7371926427047373,1.3979400086720377
5.47,1999-09-29,25.0,0.7379873263334308,1.3979400086720377
5.48,1999-09-30,25.0,0.7387805584843692,1.3979400086720377
5.52,1999-10-01,26.0,0.7419390777291989,1.414973347970818
5.56,1999-10-02,28.0,0.7450747915820575,1.4471580313422192
5.61,1999-10-03,31.0,0.7489628612561614,1.4913616938342726
5.7,1999-10-04,39.0,0.7558748556724915,1.591064607026499
5.72,1999-10-05,42.0,0.7573960287930241,1.6232492903979006
5.74,1999-10-06,44.0,0.7589118923979735,1.6434526764861874
5.78,1999-10-07,49.0,0.761927838420529,1.6901960800285136
5.8,1999-10-08,50.0,0.7634279935629372,1.6989700043360187
5.82,1999-10-09,52.0,0.7649229846498885,1.7160033436347992
5.82,1999-10-10,52.0,0.7649229846498885,1.7160033436347992
5.8,1999-10-11,50.0,0.7634279935629372,1.6989700043360187
5.76,1999-10-12,46.0,0.7604224834232121,1.662757831681574
5.79,1999-10-13,49.0,0.7626785637274363,1.6901960800285136
5.84,1999-10-14,54.0,0.7664128471123994,1.7323937598229686
5.88,1999-10-15,58.0,0.7693773260761385,1.7634279935629373
5.9,1999-10-16,60.0,0.7708520116421442,1.7781512503836436
5.88,1999-10-17,58.0,0.7693773260761385,1.7634279935629373
5.87,1999-10-18,57.0,0.7686381012476144,1.7558748556724915
5.84,1999-10-19,55.0,0.7664128471123994,1.7403626894942439
5.8,1999-10-20,51.0,0.7634279935629372,1.7075701760979363
5.78,1999-10-21,49.0,0.761927838420529,1.6901960800285136
5.76,1999-10-22,47.0,0.7604224834232121,1.6720978579357175
5.74,1999-10-23,45.0,0.7589118923979735,1.6532125137753437
5.77,1999-10-24,48.0,0.7611758131557314,1.6812412373755872
5.85,1999-10-25,56.0,0.7671558660821804,1.7481880270062005
5.91,1999-10-26,62.0,0.7715874808812554,1.792391689498254
5.96,1999-10-27,67.0,0.7752462597402364,1.8260748027008264
5.97,1999-10-28,68.0,0.7759743311293691,1.8325089127062364
5.97,1999-10-29,68.0,0.7759743311293691,1.8325089127062364
5.97,1999-10-30,68.0,0.7759743311293691,1.8325089127062364
6.01,1999-10-31,72.0,0.7788744720027395,1.8573324964312685
6.08,1999-11-01,80.0,0.7839035792727349,1.9030899869919435
6.32,1999-11-02,105.0,0.800717078282385,2.0211892990699383
6.46,1999-11-03,122.0,0.8102325179950841,2.0863598306747484
6.6,1999-11-04,138.0,0.8195439355418687,2.1398790864012365
6.66,1999-11-05,146.0,0.8234742291703011,2.164352855784437
6.76,1999-11-06,158.0,0.829946695941636,2.1986570869544226
6.86,1999-11-07,170.0,0.8363241157067517,2.230448921378274
6.93,1999-11-08,179.0,0.8407332346118067,2.2528530309798933
7.0,1999-11-09,188.0,0.8450980400142568,2.27415784926368
7.08,1999-11-10,198.0,0.850033257689769,2.296665190261531
7.12,1999-11-11,203.0,0.8524799936368563,2.307496037913213
7.14,1999-11-12,205.0,0.8536982117761743,2.311753861055754
7.14,1999-11-13,205.0,0.8536982117761743,2.311753861055754
7.12,1999-11-14,203.0,0.8524799936368563,2.307496037913213
7.08,1999-11-15,198.0,0.850033257689769,2.296665190261531
7.02,1999-11-16,190.0,0.8463371121298052,2.278753600952829
6.92,1999-11-17,177.0,0.8401060944567578,2.247973266361807
6.89,1999-11-18,174.0,0.8382192219076258,2.2405492482826
6.82,1999-11-19,166.0,0.8337843746564789,2.220108088040055
6.75,1999-11-20,157.0,0.829303772831025,2.1958996524092336
6.66,1999-11-21,147.0,0.8234742291703011,2.167317334748176
6.57,1999-11-22,136.0,0.8175653695597808,2.1335389083702174
6.5,1999-11-23,128.0,0.8129133566428556,2.1072099696478683
6.43,1999-11-24,120.0,0.8082109729242221,2.0791812460476247
6.26,1999-11-26,100.0,0.7965743332104297,2.0
6.16,1999-11-27,89.0,0.7895807121644255,1.9493900066449128
6.08,1999-11-28,81.0,0.7839035792727349,1.9084850188786497
6.0,1999-11-29,73.0,0.7781512503836436,1.863322860120456
5.84,1999-12-01,58.0,0.7664128471123994,1.7634279935629373
5.4,1999-12-07,25.0,0.7323937598229685,1.3979400086720377
5.34,1999-12-08,24.0,0.7275412570285564,1.380211241711606
5.25,1999-12-09,22.0,0.7201593034059569,1.3424226808222062
5.19,1999-12-10,20.0,0.7151673578484579,1.3010299956639813
5.11,1999-12-11,19.0,0.7084209001347127,1.2787536009528289
5.05,1999-12-12,17.0,0.7032913781186614,1.2304489213782739
4.98,1999-12-13,17.0,0.6972293427597176,1.2304489213782739
4.9,1999-12-14,16.0,0.6901960800285137,1.2041199826559248
4.84,1999-12-15,16.0,0.6848453616444125,1.2041199826559248
4.76,1999-12-16,15.0,0.6776069527204931,1.1760912590556813
4.71,1999-12-17,15.0,0.6730209071288962,1.1760912590556813
4.65,1999-12-18,14.0,0.667452952889954,1.146128035678238
4.59,1999-12-19,14.0,0.6618126855372612,1.146128035678238
4.54,1999-12-20,13.0,0.6570558528571039,1.1139433523068367
4.48,1999-12-21,13.0,0.651278013998144,1.1139433523068367
4.43,1999-12-22,12.0,0.6464037262230695,1.0791812460476249
4.37,1999-12-23,12.0,0.6404814369704218,1.0791812460476249
4.31,1999-12-24,11.0,0.6344772701607315,1.0413926851582251
4.27,1999-12-25,11.0,0.6304278750250238,1.0413926851582251
4.21,1999-12-26,11.0,0.6242820958356683,1.0413926851582251
4.16,1999-12-27,10.0,0.6190933306267428,1.0
4.11,1999-12-28,10.0,0.6138418218760693,1.0
4.04,1999-12-29,9.0,0.6063813651106049,0.9542425094393249
4.0,1999-12-30,9.0,0.6020599913279624,0.9542425094393249
3.89,1999-12-31,8.0,0.5899496013257077,0.9030899869919435
3.84,2000-01-01,8.0,0.5843312243675308,0.9030899869919435
3.7,2000-01-02,7.0,0.568201724066995,0.8450980400142568
3.69,2000-01-03,7.0,0.5670263661590603,0.8450980400142568
3.59,2000-01-04,6.0,0.5550944485783191,0.7781512503836436
3.49,2000-01-05,6.0,0.5428254269591799,0.7781512503836436
3.39,2000-01-06,5.0,0.5301996982030822,0.6989700043360189
3.29,2000-01-07,5.0,0.5171958979499743,0.6989700043360189
3.19,2000-01-08,4.0,0.5037906830571811,0.6020599913279624
2.79,2000-04-17,3.0,0.44560420327359757,0.47712125471966244
3.91,2000-04-18,10.0,0.5921767573958668,1.0
4.72,2000-04-19,18.0,0.6739419986340878,1.255272505103306
5.15,2000-04-20,23.0,0.7118072290411911,1.3617278360175928
5.29,2000-04-21,27.0,0.7234556720351858,1.4313637641589874
5.44,2000-04-22,31.0,0.7355988996981799,1.4913616938342726
5.53,2000-04-23,33.0,0.7427251313046983,1.5185139398778875
5.3,2000-04-26,27.0,0.724275869600789,1.4313637641589874
5.25,2000-04-27,26.0,0.7201593034059569,1.414973347970818
5.18,2000-04-28,24.0,0.714329759745233,1.380211241711606
5.1,2000-04-29,22.0,0.7075701760979364,1.3424226808222062
5.02,2000-04-30,20.0,0.7007037171450193,1.3010299956639813
4.91,2000-05-01,19.0,0.6910814921229684,1.2787536009528289
4.83,2000-05-02,18.0,0.6839471307515121,1.255272505103306
4.77,2000-05-03,18.0,0.6785183790401139,1.255272505103306
4.7,2000-05-04,17.0,0.6720978579357175,1.2304489213782739
4.68,2000-05-05,17.0,0.670245853074124,1.2304489213782739
4.64,2000-05-06,16.0,0.6665179805548809,1.2041199826559248
4.6,2000-05-07,16.0,0.6627578316815741,1.2041199826559248
4.54,2000-05-08,15.0,0.6570558528571039,1.1760912590556813
4.5,2000-05-09,15.0,0.6532125137753437,1.1760912590556813
4.5,2000-05-10,15.0,0.6532125137753437,1.1760912590556813
4.5,2000-05-11,15.0,0.6532125137753437,1.1760912590556813
4.5,2000-05-12,15.0,0.6532125137753437,1.1760912590556813
4.5,2000-05-13,15.0,0.6532125137753437,1.1760912590556813
4.52,2000-05-14,15.0,0.6551384348113821,1.1760912590556813
4.55,2000-05-15,15.0,0.6580113966571124,1.1760912590556813
4.52,2000-05-16,15.0,0.6551384348113821,1.1760912590556813
4.54,2000-05-17,15.0,0.6570558528571039,1.1760912590556813
4.54,2000-05-18,15.0,0.6570558528571039,1.1760912590556813
4.61,2000-05-19,16.0,0.6637009253896482,1.2041199826559248
4.69,2000-05-20,17.0,0.6711728427150833,1.2304489213782739
4.75,2000-05-21,17.0,0.6766936096248666,1.2304489213782739
4.78,2000-05-22,18.0,0.6794278966121189,1.255272505103306
4.83,2000-05-23,18.0,0.6839471307515121,1.255272505103306
4.84,2000-05-24,18.0,0.6848453616444125,1.255272505103306
4.86,2000-05-25,18.0,0.6866362692622934,1.255272505103306
4.9,2000-05-26,19.0,0.6901960800285137,1.2787536009528289
4.88,2000-05-27,18.0,0.6884198220027106,1.255272505103306
4.84,2000-05-28,18.0,0.6848453616444125,1.255272505103306
4.81,2000-05-29,18.0,0.6821450763738317,1.255272505103306
4.73,2000-05-30,17.0,0.6748611407378116,1.2304489213782739
4.66,2000-05-31,16.0,0.6683859166900001,1.2041199826559248
4.63,2000-06-01,16.0,0.6655809910179531,1.2041199826559248
4.57,2000-06-02,16.0,0.6599162000698503,1.2041199826559248
4.52,2000-06-03,15.0,0.6551384348113821,1.1760912590556813
4.49,2000-06-04,15.0,0.6522463410033232,1.1760912590556813
4.5,2000-06-05,15.0,0.6532125137753437,1.1760912590556813
4.57,2000-06-06,15.0,0.6599162000698503,1.1760912590556813
4.69,2000-06-07,17.0,0.6711728427150833,1.2304489213782739
4.73,2000-06-08,17.0,0.6748611407378116,1.2304489213782739
4.75,2000-06-09,17.0,0.6766936096248666,1.2304489213782739
4.78,2000-06-10,17.0,0.6794278966121189,1.2304489213782739
4.82,2000-06-11,18.0,0.6830470382388496,1.255272505103306
4.85,2000-06-12,18.0,0.6857417386022636,1.255272505103306
4.89,2000-06-13,18.0,0.6893088591236202,1.255272505103306
4.92,2000-06-14,19.0,0.6919651027673603,1.2787536009528289
4.97,2000-06-15,19.0,0.696356388733332,1.2787536009528289
5.0,2000-06-16,19.0,0.6989700043360189,1.2787536009528289
5.03,2000-06-17,20.0,0.7015679850559274,1.3010299956639813
5.05,2000-06-18,20.0,0.7032913781186614,1.3010299956639813
5.04,2000-06-19,20.0,0.7024305364455253,1.3010299956639813
5.05,2000-06-20,20.0,0.7032913781186614,1.3010299956639813
5.06,2000-06-21,20.0,0.7041505168397991,1.3010299956639813
5.07,2000-06-22,20.0,0.705007959333336,1.3010299956639813
5.09,2000-06-23,21.0,0.7067177823367587,1.3222192947339193
5.11,2000-06-24,21.0,0.7084209001347127,1.3222192947339193
5.15,2000-06-25,22.0,0.7118072290411911,1.3424226808222062
5.19,2000-06-26,23.0,0.7151673578484579,1.3617278360175928
5.23,2000-06-27,24.0,0.7185016888672743,1.380211241711606
5.26,2000-06-28,25.0,0.7209857441537391,1.3979400086720377
5.34,2000-06-29,27.0,0.7275412570285564,1.4313637641589874
5.37,2000-06-30,28.0,0.7299742856995556,1.4471580313422192
5.41,2000-07-01,29.0,0.7331972651065695,1.462397997898956
5.43,2000-07-02,29.0,0.7347998295888469,1.462397997898956
5.44,2000-07-03,29.0,0.7355988996981799,1.462397997898956
5.47,2000-07-04,30.0,0.7379873263334308,1.4771212547196624
5.46,2000-07-05,29.0,0.7371926427047373,1.462397997898956
5.46,2000-07-06,29.0,0.7371926427047373,1.462397997898956
5.45,2000-07-07,29.0,0.7363965022766424,1.462397997898956
5.45,2000-07-08,29.0,0.7363965022766424,1.462397997898956
5.45,2000-07-09,29.0,0.7363965022766424,1.462397997898956
5.47,2000-07-10,29.0,0.7379873263334308,1.462397997898956
5.55,2000-07-11,32.0,0.7442929831226762,1.505149978319906
5.63,2000-07-12,38.0,0.7505083948513462,1.5797835966168101
5.65,2000-07-13,38.0,0.7520484478194386,1.5797835966168101
5.67,2000-07-14,41.0,0.7535830588929066,1.6127838567197355
5.69,2000-07-15,44.0,0.7551122663950712,1.6434526764861874
5.73,2000-07-16,50.0,0.75815462196739,1.6989700043360187
5.89,2000-07-17,68.0,0.7701152947871016,1.8325089127062364
6.07,2000-07-18,88.0,0.7831886910752576,1.9444826721501687
6.19,2000-07-19,101.0,0.791690649020118,2.0043213737826426
6.19,2000-07-20,100.0,0.791690649020118,2.0
6.18,2000-07-21,99.0,0.7909884750888159,1.99563519459755
6.18,2000-07-22,98.0,0.7909884750888159,1.9912260756924949
6.19,2000-07-23,99.0,0.791690649020118,1.99563519459755
6.2,2000-07-24,100.0,0.7923916894982539,2.0
6.22,2000-07-25,102.0,0.7937903846908186,2.0086001717619175
6.23,2000-07-26,102.0,0.7944880466591696,2.0086001717619175
6.24,2000-07-27,103.0,0.795184589682424,2.012837224705172
6.22,2000-07-28,100.0,0.7937903846908186,2.0
6.2,2000-07-29,97.0,0.7923916894982539,1.9867717342662448
6.12,2000-07-30,88.0,0.7867514221455612,1.9444826721501687
6.14,2000-07-31,90.0,0.7881683711411677,1.954242509439325
6.09,2000-08-01,84.0,0.7846172926328754,1.9242792860618816
6.03,2000-08-02,77.0,0.7803173121401513,1.8864907251724818
5.96,2000-08-03,70.0,0.7752462597402364,1.845098040014257
5.89,2000-08-04,62.0,0.7701152947871016,1.792391689498254
5.57,2000-08-08,29.0,0.7458551951737289,1.462397997898956
5.5,2000-08-09,26.0,0.7403626894942439,1.414973347970818
5.45,2000-08-10,25.0,0.7363965022766424,1.3979400086720377
5.37,2000-08-11,23.0,0.7299742856995556,1.3617278360175928
5.29,2000-08-12,21.0,0.7234556720351858,1.3222192947339193
5.22,2000-08-13,20.0,0.7176705030022621,1.3010299956639813
5.12,2000-08-14,17.0,0.7092699609758307,1.2304489213782739
5.03,2000-08-15,16.0,0.7015679850559274,1.2041199826559248
4.94,2000-08-16,15.0,0.693726948923647,1.1760912590556813
4.84,2000-08-17,14.0,0.6848453616444125,1.146128035678238
4.75,2000-08-18,13.0,0.6766936096248666,1.1139433523068367
4.71,2000-08-19,13.0,0.6730209071288962,1.1139433523068367
4.69,2000-08-20,13.0,0.6711728427150833,1.1139433523068367
4.68,2000-08-21,14.0,0.670245853074124,1.146128035678238
4.68,2000-08-22,14.0,0.670245853074124,1.146128035678238
4.82,2000-08-23,14.0,0.6830470382388496,1.146128035678238
4.92,2000-08-24,15.0,0.6919651027673603,1.1760912590556813
4.97,2000-08-25,15.0,0.696356388733332,1.1760912590556813
5.01,2000-08-26,15.0,0.6998377258672457,1.1760912590556813
5.04,2000-08-27,16.0,0.7024305364455253,1.2041199826559248
5.08,2000-08-28,16.0,0.7058637122839193,1.2041199826559248
5.13,2000-08-29,17.0,0.7101173651118162,1.2304489213782739
5.22,2000-08-30,19.0,0.7176705030022621,1.2787536009528289
5.28,2000-08-31,20.0,0.7226339225338123,1.3010299956639813
5.35,2000-09-01,21.0,0.7283537820212285,1.3222192947339193
5.46,2000-09-02,24.0,0.7371926427047373,1.380211241711606
5.63,2000-09-03,31.0,0.7505083948513462,1.4913616938342726
5.76,2000-09-04,45.0,0.7604224834232121,1.6532125137753437
5.9,2000-09-05,58.0,0.7708520116421442,1.7634279935629373
5.99,2000-09-06,67.0,0.7774268223893114,1.8260748027008264
6.07,2000-09-07,74.0,0.7831886910752576,1.8692317197309762
6.14,2000-09-08,80.0,0.7881683711411677,1.9030899869919435
6.24,2000-09-09,90.0,0.795184589682424,1.954242509439325
6.3,2000-09-10,96.0,0.7993405494535817,1.9822712330395684
6.46,2000-09-11,113.0,0.8102325179950841,2.0530784434834195
6.58,2000-09-12,126.0,0.8182258936139555,2.100370545117563
6.63,2000-09-13,131.0,0.8215135284047731,2.1172712956557644
6.68,2000-09-14,137.0,0.8247764624755457,2.1367205671564067
6.7,2000-09-15,139.0,0.8260748027008264,2.143014800254095
6.68,2000-09-16,135.0,0.8247764624755457,2.130333768495006
6.66,2000-09-17,133.0,0.8234742291703011,2.123851640967086
6.63,2000-09-18,128.0,0.8215135284047731,2.1072099696478683
6.59,2000-09-19,123.0,0.8188854145940099,2.089905111439398
6.54,2000-09-20,117.0,0.8155777483242672,2.0681858617461617
6.49,2000-09-21,111.0,0.8122446968003693,2.0453229787866576
6.43,2000-09-22,104.0,0.8082109729242221,2.0170333392987803
6.44,2000-09-23,104.0,0.8088858673598122,2.0170333392987803
6.41,2000-09-24,104.0,0.8068580295188175,2.0170333392987803
6.37,2000-09-25,104.0,0.8041394323353505,2.0170333392987803
6.33,2000-09-26,104.0,0.8014037100173551,2.0170333392987803
6.3,2000-09-27,104.0,0.7993405494535817,2.0170333392987803
6.3,2000-09-28,104.0,0.7993405494535817,2.0170333392987803
6.28,2000-09-29,104.0,0.7979596437371962,2.0170333392987803
6.24,2000-09-30,104.0,0.795184589682424,2.0170333392987803
6.22,2000-10-01,104.0,0.7937903846908186,2.0170333392987803
6.19,2000-10-02,104.0,0.791690649020118,2.0170333392987803
6.17,2000-10-03,104.0,0.7902851640332417,2.0170333392987803
6.15,2000-10-04,103.0,0.7888751157754168,2.012837224705172
6.14,2000-10-05,103.0,0.7881683711411677,2.012837224705172
6.16,2000-10-06,103.0,0.7895807121644255,2.012837224705172
6.15,2000-10-07,103.0,0.7888751157754168,2.012837224705172
6.14,2000-10-08,103.0,0.7881683711411677,2.012837224705172
6.12,2000-10-09,103.0,0.7867514221455612,2.012837224705172
6.11,2000-10-10,103.0,0.7860412102425542,2.012837224705172
6.13,2000-10-11,103.0,0.787460474518415,2.012837224705172
6.23,2000-10-12,103.0,0.7944880466591696,2.012837224705172
6.42,2000-10-13,103.0,0.8075350280688532,2.012837224705172
6.45,2000-10-14,106.0,0.8095597146352678,2.0253058652647704
6.49,2000-10-15,110.0,0.8122446968003693,2.041392685158225
6.51,2000-10-16,112.0,0.8135809885681919,2.0492180226701815
6.52,2000-10-17,113.0,0.8142475957319202,2.0530784434834195
6.54,2000-10-18,115.0,0.8155777483242672,2.060697840353612
6.59,2000-10-19,121.0,0.8188854145940099,2.0827853703164503
6.67,2000-10-20,130.0,0.8241258339165489,2.113943352306837
6.79,2000-10-21,144.0,0.8318697742805017,2.1583624920952498
6.89,2000-10-22,157.0,0.8382192219076258,2.1958996524092336
6.97,2000-10-23,166.0,0.8432327780980095,2.220108088040055
7.07,2000-10-24,178.0,0.8494194137968994,2.250420002308894
7.11,2000-10-25,183.0,0.8518696007297664,2.2624510897304293
7.12,2000-10-26,184.0,0.8524799936368563,2.2648178230095364
7.11,2000-10-27,184.0,0.8518696007297664,2.2648178230095364
7.07,2000-10-28,179.0,0.8494194137968994,2.2528530309798933
7.08,2000-10-29,180.0,0.850033257689769,2.255272505103306
7.08,2000-10-30,181.0,0.850033257689769,2.2576785748691846
7.07,2000-10-31,180.0,0.8494194137968994,2.255272505103306
7.03,2000-11-01,176.0,0.846955325019824,2.24551266781415
6.99,2000-11-02,172.0,0.8444771757456814,2.2355284469075487
6.94,2000-11-03,167.0,0.8413594704548549,2.2227164711475833
6.89,2000-11-04,161.0,0.8382192219076258,2.2068258760318495
6.84,2000-11-05,156.0,0.8350561017201162,2.1931245983544616
6.79,2000-11-06,151.0,0.8318697742805017,2.1789769472931693
6.72,2000-11-07,143.0,0.8273692730538252,2.155336037465062
6.65,2000-11-08,136.0,0.8228216453031046,2.1335389083702174
6.59,2000-11-09,129.0,0.8188854145940099,2.110589710299249
6.5,2000-11-10,119.0,0.8129133566428556,2.0755469613925306
6.4,2000-11-11,108.0,0.8061799739838872,2.03342375548695
6.3,2000-11-12,98.0,0.7993405494535817,1.9912260756924949
6.23,2000-11-13,90.0,0.7944880466591696,1.954242509439325
6.12,2000-11-14,79.0,0.7867514221455612,1.8976270912904414
6.04,2000-11-15,72.0,0.7810369386211319,1.8573324964312685
5.95,2000-11-16,64.0,0.7745169657285496,1.806179973983887
5.87,2000-11-17,56.0,0.7686381012476144,1.7481880270062005
5.79,2000-11-18,49.0,0.7626785637274363,1.6901960800285136
5.71,2000-11-19,40.0,0.756636108245848,1.6020599913279623
5.63,2000-11-20,32.0,0.7505083948513462,1.505149978319906
5.56,2000-11-21,28.0,0.7450747915820575,1.4471580313422192
5.46,2000-11-22,24.0,0.7371926427047373,1.380211241711606
5.37,2000-11-23,23.0,0.7299742856995556,1.3617278360175928
5.32,2000-11-24,22.0,0.7259116322950482,1.3424226808222062
5.24,2000-11-25,20.0,0.7193312869837266,1.3010299956639813
5.16,2000-11-26,18.0,0.7126497016272114,1.255272505103306
5.09,2000-11-27,17.0,0.7067177823367587,1.2304489213782739
5.01,2000-11-28,16.0,0.6998377258672457,1.2041199826559248
4.93,2000-11-29,15.0,0.69284691927723,1.1760912590556813
4.85,2000-11-30,14.0,0.6857417386022636,1.146128035678238
4.79,2000-12-01,14.0,0.6803355134145632,1.146128035678238
4.73,2000-12-02,14.0,0.6748611407378116,1.146128035678238
4.67,2000-12-03,13.0,0.6693168805661122,1.1139433523068367
4.61,2000-12-04,13.0,0.6637009253896482,1.1139433523068367
4.55,2000-12-05,12.0,0.6580113966571124,1.0791812460476249
4.49,2000-12-06,12.0,0.6522463410033232,1.0791812460476249
4.43,2000-12-07,12.0,0.6464037262230695,1.0791812460476249
4.37,2000-12-08,11.0,0.6404814369704218,1.0413926851582251
4.31,2000-12-09,11.0,0.6344772701607315,1.0413926851582251
4.25,2000-12-10,10.0,0.6283889300503115,1.0
4.19,2000-12-11,10.0,0.6222140229662954,1.0
4.13,2000-12-12,9.0,0.615950051656401,0.9542425094393249
4.07,2000-12-13,9.0,0.60959440922522,0.9542425094393249
4.01,2000-12-14,8.0,0.6031443726201823,0.9030899869919435
3.95,2000-12-15,8.0,0.5965970956264602,0.9030899869919435
3.89,2000-12-16,8.0,0.5899496013257077,0.9030899869919435
3.83,2000-12-17,7.0,0.5831987739686227,0.8450980400142568
3.77,2000-12-18,7.0,0.5763413502057929,0.8450980400142568
3.71,2000-12-19,7.0,0.5693739096150459,0.8450980400142568
3.65,2000-12-20,6.0,0.5622928644564748,0.7781512503836436
3.59,2000-12-21,6.0,0.5550944485783191,0.7781512503836436
3.53,2000-12-22,6.0,0.5477747053878226,0.7781512503836436
3.47,2000-12-23,5.0,0.5403294747908738,0.6989700043360189
3.41,2000-12-24,5.0,0.5327543789924978,0.6989700043360189
3.35,2000-12-25,5.0,0.5250448070368452,0.6989700043360189
3.29,2000-12-26,5.0,0.5171958979499743,0.6989700043360189
3.23,2000-12-27,4.0,0.5092025223311029,0.6020599913279624
3.17,2000-12-28,4.0,0.5010592622177514,0.6020599913279624
3.11,2000-12-29,4.0,0.4927603890268375,0.6020599913279624
3.05,2000-12-30,4.0,0.48429983934678583,0.6020599913279624
2.99,2000-12-31,3.0,0.4756711883244297,0.47712125471966244
2.93,2001-01-01,3.0,0.4668676203541095,0.47712125471966244
2.85,2001-01-02,3.0,0.4548448600085102,0.47712125471966244
2.77,2001-01-03,3.0,0.4424797690644486,0.47712125471966244
2.69,2001-01-04,2.0,0.42975228000240795,0.3010299956639812
2.6,2001-01-05,2.0,0.414973347970818,0.3010299956639812
2.53,2001-01-06,2.0,0.40312052117581787,0.3010299956639812
2.48,2001-01-07,2.0,0.3944516808262163,0.3010299956639812
2.41,2001-01-08,1.0,0.3820170425748684,0.0
2.03,2001-03-22,1.0,0.3074960379132129,0.0
2.15,2001-03-23,1.0,0.33243845991560533,0.0
2.34,2001-03-24,1.0,0.3692158574101428,0.0
2.39,2001-03-25,1.0,0.3783979009481377,0.0
2.49,2001-03-26,2.0,0.3961993470957364,0.3010299956639812
2.61,2001-03-27,2.0,0.41664050733828095,0.3010299956639812
2.76,2001-03-28,3.0,0.4409090820652177,0.47712125471966244
2.82,2001-03-29,3.0,0.45024910831936105,0.47712125471966244
2.36,2001-04-02,1.0,0.37291200297010657,0.0
2.64,2001-04-03,3.0,0.42160392686983106,0.47712125471966244
2.64,2001-04-04,3.0,0.42160392686983106,0.47712125471966244
2.12,2001-04-08,1.0,0.32633586092875144,0.0
2.42,2001-05-22,2.0,0.38381536598043126,0.3010299956639812
2.87,2001-05-23,4.0,0.4578818967339923,0.6020599913279624
3.17,2001-05-24,5.0,0.5010592622177514,0.6989700043360189
3.33,2001-05-25,6.0,0.5224442335063199,0.7781512503836436
3.4,2001-05-26,7.0,0.5314789170422551,0.8450980400142568
3.38,2001-05-27,6.0,0.5289167002776547,0.7781512503836436
3.4,2001-05-28,7.0,0.5314789170422551,0.8450980400142568
3.41,2001-05-29,7.0,0.5327543789924978,0.8450980400142568
3.57,2001-05-30,7.0,0.5526682161121932,0.8450980400142568
3.76,2001-05-31,9.0,0.5751878449276611,0.9542425094393249
3.9,2001-06-01,10.0,0.5910646070264992,1.0
4.06,2001-06-02,12.0,0.608526033577194,1.0791812460476249
4.2,2001-06-03,13.0,0.6232492903979004,1.1139433523068367
4.23,2001-06-04,13.0,0.6263403673750424,1.1139433523068367
4.25,2001-06-05,13.0,0.6283889300503115,1.1139433523068367
4.1,2001-06-06,12.0,0.6127838567197355,1.0791812460476249
4.05,2001-06-07,11.0,0.6074550232146685,1.0413926851582251
4.0,2001-06-08,11.0,0.6020599913279624,1.0413926851582251
3.93,2001-06-09,10.0,0.5943925503754267,1.0
3.95,2001-06-10,10.0,0.5965970956264602,1.0
4.09,2001-06-11,12.0,0.6117233080073418,1.0791812460476249
4.06,2001-06-12,11.0,0.608526033577194,1.0413926851582251
4.04,2001-06-13,11.0,0.6063813651106049,1.0413926851582251
4.01,2001-06-14,11.0,0.6031443726201823,1.0413926851582251
3.93,2001-06-15,10.0,0.5943925503754267,1.0
3.85,2001-06-16,9.0,0.5854607295085007,0.9542425094393249
3.9,2001-06-17,10.0,0.5910646070264992,1.0
4.02,2001-06-18,11.0,0.60422605308447,1.0413926851582251
4.04,2001-06-19,11.0,0.6063813651106049,1.0413926851582251
3.88,2001-06-21,9.0,0.5888317255942073,0.9542425094393249
3.74,2001-06-22,8.0,0.5728716022004802,0.9030899869919435
3.6,2001-06-23,8.0,0.5563025007672873,0.9030899869919435
3.41,2001-06-24,6.0,0.5327543789924978,0.7781512503836436
3.29,2001-06-25,6.0,0.5171958979499743,0.7781512503836436
3.2,2001-06-26,5.0,0.505149978319906,0.6989700043360189
3.44,2001-06-27,6.0,0.5365584425715301,0.7781512503836436
3.72,2001-06-28,8.0,0.5705429398818975,0.9030899869919435
3.89,2001-06-29,9.0,0.5899496013257077,0.9542425094393249
3.88,2001-06-30,9.0,0.5888317255942073,0.9542425094393249
3.99,2001-07-01,10.0,0.6009728956867483,1.0
4.1,2001-07-02,11.0,0.6127838567197355,1.0413926851582251
4.23,2001-07-03,12.0,0.6263403673750424,1.0791812460476249
4.34,2001-07-04,13.0,0.6374897295125107,1.1139433523068367
4.37,2001-07-05,14.0,0.6404814369704218,1.146128035678238
4.4,2001-07-06,14.0,0.6434526764861874,1.146128035678238
4.38,2001-07-07,14.0,0.6414741105040995,1.146128035678238
4.38,2001-07-08,14.0,0.6414741105040995,1.146128035678238
4.38,2001-07-09,14.0,0.6414741105040995,1.146128035678238
4.39,2001-07-10,14.0,0.6424645202421213,1.146128035678238
4.43,2001-07-11,14.0,0.6464037262230695,1.146128035678238
4.49,2001-07-12,14.0,0.6522463410033232,1.146128035678238
4.52,2001-07-13,15.0,0.6551384348113821,1.1760912590556813
4.55,2001-07-14,15.0,0.6580113966571124,1.1760912590556813
4.57,2001-07-15,15.0,0.6599162000698503,1.1760912590556813
4.63,2001-07-16,16.0,0.6655809910179531,1.2041199826559248
4.64,2001-07-17,16.0,0.6665179805548809,1.2041199826559248
4.64,2001-07-18,16.0,0.6665179805548809,1.2041199826559248
4.64,2001-07-19,16.0,0.6665179805548809,1.2041199826559248
4.64,2001-07-20,16.0,0.6665179805548809,1.2041199826559248
4.62,2001-07-21,15.0,0.6646419755561255,1.1760912590556813
4.6,2001-07-22,15.0,0.6627578316815741,1.1760912590556813
4.57,2001-07-23,15.0,0.6599162000698503,1.1760912590556813
4.49,2001-07-24,14.0,0.6522463410033232,1.146128035678238
4.48,2001-07-25,14.0,0.651278013998144,1.146128035678238
4.52,2001-07-26,14.0,0.6551384348113821,1.146128035678238
4.52,2001-07-27,14.0,0.6551384348113821,1.146128035678238
4.49,2001-07-28,14.0,0.6522463410033232,1.146128035678238
4.46,2001-07-29,14.0,0.6493348587121419,1.146128035678238
4.5,2001-07-30,14.0,0.6532125137753437,1.146128035678238
4.44,2001-07-31,13.0,0.6473829701146199,1.1139433523068367
4.36,2001-08-01,12.0,0.6394864892685861,1.0791812460476249
4.32,2001-08-02,12.0,0.6354837468149122,1.0791812460476249
4.26,2001-08-03,11.0,0.6294095991027189,1.0413926851582251
4.17,2001-08-04,11.0,0.6201360549737575,1.0413926851582251
4.19,2001-08-05,11.0,0.6222140229662954,1.0413926851582251
4.26,2001-08-06,11.0,0.6294095991027189,1.0413926851582251
4.34,2001-08-07,12.0,0.6374897295125107,1.0791812460476249
4.42,2001-08-08,13.0,0.6454222693490919,1.1139433523068367
4.58,2001-08-09,14.0,0.6608654780038692,1.146128035678238
4.67,2001-08-10,15.0,0.6693168805661122,1.1760912590556813
4.77,2001-08-11,16.0,0.6785183790401139,1.2041199826559248
4.85,2001-08-12,16.0,0.6857417386022636,1.2041199826559248
4.91,2001-08-13,17.0,0.6910814921229684,1.2304489213782739
4.97,2001-08-14,17.0,0.696356388733332,1.2304489213782739
5.0,2001-08-15,17.0,0.6989700043360189,1.2304489213782739
5.0,2001-08-16,17.0,0.6989700043360189,1.2304489213782739
5.0,2001-08-17,17.0,0.6989700043360189,1.2304489213782739
5.07,2001-08-18,18.0,0.705007959333336,1.255272505103306
5.16,2001-08-19,20.0,0.7126497016272114,1.3010299956639813
5.19,2001-08-20,21.0,0.7151673578484579,1.3222192947339193
5.23,2001-08-21,21.0,0.7185016888672743,1.3222192947339193
5.27,2001-08-22,22.0,0.7218106152125465,1.3424226808222062
5.28,2001-08-23,22.0,0.7226339225338123,1.3424226808222062
5.28,2001-08-24,22.0,0.7226339225338123,1.3424226808222062
5.26,2001-08-25,22.0,0.7209857441537391,1.3424226808222062
5.23,2001-08-26,21.0,0.7185016888672743,1.3222192947339193
5.19,2001-08-27,19.0,0.7151673578484579,1.2787536009528289
5.18,2001-08-28,19.0,0.714329759745233,1.2787536009528289
5.11,2001-08-29,17.0,0.7084209001347127,1.2304489213782739
5.26,2001-08-30,21.0,0.7209857441537391,1.3222192947339193
5.28,2001-08-31,21.0,0.7226339225338123,1.3222192947339193
5.31,2001-09-01,21.0,0.725094521081469,1.3222192947339193
5.3,2001-09-02,21.0,0.724275869600789,1.3222192947339193
5.26,2001-09-03,20.0,0.7209857441537391,1.3010299956639813
5.24,2001-09-04,19.0,0.7193312869837266,1.2787536009528289
5.23,2001-09-05,24.0,0.7185016888672743,1.380211241711606
5.23,2001-09-06,24.0,0.7185016888672743,1.380211241711606
5.22,2001-09-07,24.0,0.7176705030022621,1.380211241711606
5.24,2001-09-08,23.0,0.7193312869837266,1.3617278360175928
5.22,2001-09-09,23.0,0.7176705030022621,1.3617278360175928
5.26,2001-09-10,23.0,0.7209857441537391,1.3617278360175928
5.26,2001-09-11,23.0,0.7209857441537391,1.3617278360175928
5.25,2001-09-12,23.0,0.7201593034059569,1.3617278360175928
5.26,2001-09-13,23.0,0.7209857441537391,1.3617278360175928
5.26,2001-09-14,23.0,0.7209857441537391,1.3617278360175928
5.23,2001-09-15,23.0,0.7185016888672743,1.3617278360175928
5.22,2001-09-16,24.0,0.7176705030022621,1.380211241711606
5.22,2001-09-17,24.0,0.7176705030022621,1.380211241711606
5.22,2001-09-18,25.0,0.7176705030022621,1.3979400086720377
5.24,2001-09-19,26.0,0.7193312869837266,1.414973347970818
5.26,2001-09-20,26.0,0.7209857441537391,1.414973347970818
5.29,2001-09-21,27.0,0.7234556720351858,1.4313637641589874
5.31,2001-09-22,28.0,0.725094521081469,1.4471580313422192
5.39,2001-09-23,28.0,0.7315887651867387,1.4471580313422192
5.43,2001-09-24,28.0,0.7347998295888469,1.4471580313422192
5.47,2001-09-25,28.0,0.7379873263334308,1.4471580313422192
5.51,2001-09-26,28.0,0.741151598851785,1.4471580313422192
5.51,2001-09-27,28.0,0.741151598851785,1.4471580313422192
5.55,2001-09-28,29.0,0.7442929831226762,1.462397997898956
5.56,2001-09-29,29.0,0.7450747915820575,1.462397997898956
5.56,2001-09-30,29.0,0.7450747915820575,1.462397997898956
5.54,2001-10-01,29.0,0.7435097647284298,1.462397997898956
5.54,2001-10-02,29.0,0.7435097647284298,1.462397997898956
5.54,2001-10-03,29.0,0.7435097647284298,1.462397997898956
5.55,2001-10-04,29.0,0.7442929831226762,1.462397997898956
5.56,2001-10-05,29.0,0.7450747915820575,1.462397997898956
5.59,2001-10-06,30.0,0.7474118078864233,1.4771212547196624
5.59,2001-10-07,30.0,0.7474118078864233,1.4771212547196624
5.6,2001-10-08,30.0,0.7481880270062004,1.4771212547196624
5.59,2001-10-09,30.0,0.7474118078864233,1.4771212547196624
5.59,2001-10-10,32.0,0.7474118078864233,1.505149978319906
5.62,2001-10-11,35.0,0.7497363155690611,1.5440680443502757
5.63,2001-10-12,37.0,0.7505083948513462,1.568201724066995
5.67,2001-10-13,40.0,0.7535830588929066,1.6020599913279623
5.69,2001-10-14,42.0,0.7551122663950712,1.6232492903979006
5.72,2001-10-15,45.0,0.7573960287930241,1.6532125137753437
5.74,2001-10-16,47.0,0.7589118923979735,1.6720978579357175
5.74,2001-10-17,50.0,0.7589118923979735,1.6989700043360187
5.75,2001-10-18,52.0,0.7596678446896304,1.7160033436347992
5.8,2001-10-19,55.0,0.7634279935629372,1.7403626894942439
5.92,2001-10-20,57.0,0.7723217067229198,1.7558748556724915
5.97,2001-10-21,100.0,0.7759743311293691,2.0
5.99,2001-10-22,65.0,0.7774268223893114,1.8129133566428555
6.07,2001-10-23,72.0,0.7831886910752576,1.8573324964312685
6.15,2001-10-24,79.0,0.7888751157754168,1.8976270912904414
6.21,2001-10-25,86.0,0.7930916001765802,1.9344984512435677
6.27,2001-10-26,93.0,0.7972675408307164,1.968482948553935
6.34,2001-10-27,101.0,0.8020892578817327,2.0043213737826426
6.38,2001-10-28,117.0,0.8048206787211624,2.0681858617461617
6.41,2001-10-29,109.0,0.8068580295188175,2.037426497940624
6.43,2001-10-30,112.0,0.8082109729242221,2.0492180226701815
6.49,2001-10-31,119.0,0.8122446968003693,2.0755469613925306
6.53,2001-11-01,123.0,0.814913181275074,2.089905111439398
6.57,2001-11-02,128.0,0.8175653695597808,2.1072099696478683
6.64,2001-11-03,137.0,0.8221680793680175,2.1367205671564067
6.69,2001-11-04,143.0,0.8254261177678232,2.155336037465062
6.7,2001-11-05,145.0,0.8260748027008264,2.161368002234975
6.7,2001-11-06,145.0,0.8260748027008264,2.161368002234975
6.7,2001-11-07,146.0,0.8260748027008264,2.164352855784437
6.67,2001-11-08,142.0,0.8241258339165489,2.1522883443830563
6.63,2001-11-09,138.0,0.8215135284047731,2.1398790864012365
6.59,2001-11-10,134.0,0.8188854145940099,2.1271047983648077
6.55,2001-11-11,130.0,0.8162412999917831,2.113943352306837
6.49,2001-11-12,123.0,0.8122446968003693,2.089905111439398
6.43,2001-11-13,116.0,0.8082109729242221,2.0644579892269186
6.39,2001-11-14,112.0,0.8055008581584001,2.0492180226701815
6.33,2001-11-15,106.0,0.8014037100173551,2.0253058652647704
6.27,2001-11-16,99.0,0.7972675408307164,1.99563519459755
6.21,2001-11-17,92.0,0.7930916001765802,1.9637878273455553
6.14,2001-11-18,85.0,0.7881683711411677,1.9294189257142926
6.07,2001-11-19,78.0,0.7831886910752576,1.8920946026904804
6.01,2001-11-20,73.0,0.7788744720027395,1.863322860120456
5.95,2001-11-21,67.0,0.7745169657285496,1.8260748027008264
5.89,2001-11-22,61.0,0.7701152947871016,1.7853298350107671
5.83,2001-11-23,55.0,0.7656685547590141,1.7403626894942439
5.77,2001-11-24,49.0,0.7611758131557314,1.6901960800285136
5.71,2001-11-25,42.0,0.756636108245848,1.6232492903979006
5.66,2001-11-26,35.0,0.7528164311882715,1.5440680443502757
5.59,2001-11-27,31.0,0.7474118078864233,1.4913616938342726
5.53,2001-11-28,27.0,0.7427251313046983,1.4313637641589874
5.47,2001-11-29,26.0,0.7379873263334308,1.414973347970818
5.41,2001-11-30,25.0,0.7331972651065695,1.3979400086720377
5.35,2001-12-01,23.0,0.7283537820212285,1.3617278360175928
5.24,2001-12-02,21.0,0.7193312869837266,1.3222192947339193
5.15,2001-12-03,19.0,0.7118072290411911,1.2787536009528289
5.13,2001-12-04,19.0,0.7101173651118162,1.2787536009528289
5.1,2001-12-05,18.0,0.7075701760979364,1.255272505103306
5.04,2001-12-06,17.0,0.7024305364455253,1.2304489213782739
4.96,2001-12-07,16.0,0.6954816764901974,1.2041199826559248
4.89,2001-12-08,16.0,0.6893088591236202,1.2041199826559248
4.83,2001-12-09,15.0,0.6839471307515121,1.1760912590556813
4.76,2001-12-10,15.0,0.6776069527204931,1.1760912590556813
4.69,2001-12-11,14.0,0.6711728427150833,1.146128035678238
4.63,2001-12-12,14.0,0.6655809910179531,1.146128035678238
4.57,2001-12-13,13.0,0.6599162000698503,1.1139433523068367
4.53,2001-12-14,13.0,0.6560982020128319,1.1139433523068367
4.49,2001-12-15,13.0,0.6522463410033232,1.1139433523068367
4.43,2001-12-16,12.0,0.6464037262230695,1.0791812460476249
4.39,2001-12-17,12.0,0.6424645202421213,1.0791812460476249
4.34,2001-12-18,12.0,0.6374897295125107,1.0791812460476249
4.3,2001-12-19,11.0,0.6334684555795865,1.0413926851582251
4.25,2001-12-20,11.0,0.6283889300503115,1.0413926851582251
4.2,2001-12-21,11.0,0.6232492903979004,1.0413926851582251
4.13,2001-12-22,10.0,0.615950051656401,1.0
4.05,2001-12-23,9.0,0.6074550232146685,0.9542425094393249
3.96,2001-12-24,9.0,0.5976951859255123,0.9542425094393249
3.88,2001-12-25,8.0,0.5888317255942073,0.9030899869919435
3.79,2001-12-26,7.0,0.5786392099680724,0.8450980400142568
3.71,2001-12-27,7.0,0.5693739096150459,0.8450980400142568
3.61,2001-12-28,6.0,0.557507201905658,0.7781512503836436
3.51,2001-12-29,6.0,0.5453071164658241,0.7781512503836436
3.41,2001-12-30,5.0,0.5327543789924978,0.6989700043360189
3.31,2001-12-31,5.0,0.5198279937757188,0.6989700043360189
3.15,2002-01-01,4.0,0.4983105537896005,0.6020599913279624
3.03,2002-01-02,4.0,0.48144262850230496,0.6020599913279624
2.93,2002-01-03,3.0,0.4668676203541095,0.47712125471966244
2.82,2002-01-04,3.0,0.45024910831936105,0.47712125471966244
2.71,2002-01-05,2.0,0.4329692908744057,0.3010299956639812
2.61,2002-01-06,2.0,0.41664050733828095,0.3010299956639812
2.51,2002-01-07,2.0,0.3996737214810381,0.3010299956639812
2.41,2002-01-08,1.0,0.3820170425748684,0.0
2.13,2002-05-20,1.0,0.3283796034387377,0.0
2.2,2002-05-21,1.0,0.3424226808222063,0.0
2.32,2002-05-22,1.0,0.3654879848908996,0.0
2.42,2002-05-23,2.0,0.38381536598043126,0.3010299956639812
2.71,2002-05-24,3.0,0.4329692908744057,0.47712125471966244
3.04,2002-05-25,4.0,0.48287358360875376,0.6020599913279624
3.43,2002-05-26,6.0,0.5352941200427705,0.7781512503836436
3.65,2002-05-27,8.0,0.5622928644564748,0.9030899869919435
3.73,2002-05-28,8.0,0.5717088318086876,0.9030899869919435
3.73,2002-05-29,8.0,0.5717088318086876,0.9030899869919435
3.76,2002-05-30,8.0,0.5751878449276611,0.9030899869919435
3.76,2002-05-31,8.0,0.5751878449276611,0.9030899869919435
3.71,2002-06-01,8.0,0.5693739096150459,0.9030899869919435
3.65,2002-06-02,8.0,0.5622928644564748,0.9030899869919435
3.6,2002-06-03,7.0,0.5563025007672873,0.8450980400142568
3.56,2002-06-04,7.0,0.5514499979728752,0.8450980400142568
3.49,2002-06-05,7.0,0.5428254269591799,0.8450980400142568
3.21,2002-06-06,5.0,0.5065050324048721,0.6989700043360189
2.88,2002-06-07,4.0,0.45939248775923086,0.6020599913279624
2.68,2002-06-08,3.0,0.42813479402878885,0.47712125471966244
2.52,2002-06-09,2.0,0.4014005407815441,0.3010299956639812
2.3,2002-06-10,1.0,0.36172783601759284,0.0
2.43,2002-07-13,2.0,0.38560627359831223,0.3010299956639812
2.47,2002-07-14,2.0,0.39269695325966575,0.3010299956639812
2.49,2002-07-15,2.0,0.3961993470957364,0.3010299956639812
2.42,2002-07-16,1.0,0.38381536598043126,0.0
2.39,2002-07-17,1.0,0.3783979009481377,0.0
2.37,2002-07-18,1.0,0.37474834601010387,0.0
2.38,2002-07-19,1.0,0.37657695705651195,0.0
2.33,2002-07-20,1.0,0.367355921026019,0.0
2.49,2002-08-04,2.0,0.3961993470957364,0.3010299956639812
2.57,2002-08-05,2.0,0.4099331233312945,0.3010299956639812
2.54,2002-08-06,2.0,0.40483371661993806,0.3010299956639812
2.71,2002-08-07,2.0,0.4329692908744057,0.3010299956639812
2.81,2002-08-08,3.0,0.4487063199050799,0.47712125471966244
2.9,2002-08-09,3.0,0.4623979978989561,0.47712125471966244
2.97,2002-08-10,3.0,0.4727564493172124,0.47712125471966244
3.03,2002-08-11,4.0,0.48144262850230496,0.6020599913279624
3.07,2002-08-12,4.0,0.48713837547718647,0.6020599913279624
3.11,2002-08-13,4.0,0.4927603890268375,0.6020599913279624
3.15,2002-08-14,4.0,0.4983105537896005,0.6020599913279624
3.2,2002-08-15,4.0,0.505149978319906,0.6020599913279624
3.27,2002-08-16,5.0,0.5145477526602861,0.6989700043360189
3.3,2002-08-17,5.0,0.5185139398778874,0.6989700043360189
3.31,2002-08-18,5.0,0.5198279937757188,0.6989700043360189
3.34,2002-08-19,5.0,0.5237464668115644,0.6989700043360189
3.44,2002-08-20,5.0,0.5365584425715301,0.6989700043360189
3.56,2002-08-21,6.0,0.5514499979728752,0.7781512503836436
3.71,2002-08-22,6.0,0.5693739096150459,0.7781512503836436
3.77,2002-08-23,7.0,0.5763413502057929,0.8450980400142568
3.84,2002-08-24,7.0,0.5843312243675308,0.8450980400142568
3.86,2002-08-25,7.0,0.5865873046717549,0.8450980400142568
3.88,2002-08-26,8.0,0.5888317255942073,0.9030899869919435
3.91,2002-08-27,9.0,0.5921767573958668,0.9542425094393249
3.88,2002-08-28,8.0,0.5888317255942073,0.9030899869919435
3.9,2002-08-29,9.0,0.5910646070264992,0.9542425094393249
3.92,2002-08-30,9.0,0.5932860670204573,0.9542425094393249
3.96,2002-08-31,9.0,0.5976951859255123,0.9542425094393249
3.98,2002-09-01,9.0,0.5998830720736879,0.9542425094393249
4.0,2002-09-02,9.0,0.6020599913279624,0.9542425094393249
4.01,2002-09-03,9.0,0.6031443726201823,0.9542425094393249
4.0,2002-09-04,9.0,0.6020599913279624,0.9542425094393249
4.02,2002-09-05,9.0,0.60422605308447,0.9542425094393249
4.01,2002-09-06,9.0,0.6031443726201823,0.9542425094393249
3.99,2002-09-07,9.0,0.6009728956867483,0.9542425094393249
4.01,2002-09-08,9.0,0.6031443726201823,0.9542425094393249
4.05,2002-09-09,9.0,0.6074550232146685,0.9542425094393249
4.06,2002-09-10,9.0,0.608526033577194,0.9542425094393249
4.02,2002-09-11,9.0,0.60422605308447,0.9542425094393249
4.03,2002-09-12,9.0,0.6053050461411095,0.9542425094393249
4.1,2002-09-13,10.0,0.6127838567197355,1.0
4.11,2002-09-14,10.0,0.6138418218760693,1.0
4.09,2002-09-15,10.0,0.6117233080073418,1.0
4.04,2002-09-16,9.0,0.6063813651106049,0.9542425094393249
4.03,2002-09-17,9.0,0.6053050461411095,0.9542425094393249
4.07,2002-09-18,9.0,0.60959440922522,0.9542425094393249
4.15,2002-09-19,10.0,0.6180480967120927,1.0
4.22,2002-09-20,10.0,0.6253124509616739,1.0
4.26,2002-09-21,11.0,0.6294095991027189,1.0413926851582251
4.3,2002-09-22,11.0,0.6334684555795865,1.0413926851582251
4.36,2002-09-23,11.0,0.6394864892685861,1.0413926851582251
4.57,2002-09-24,13.0,0.6599162000698503,1.1139433523068367
4.74,2002-09-25,15.0,0.6757783416740851,1.1760912590556813
4.8,2002-09-26,15.0,0.6812412373755872,1.1760912590556813
4.82,2002-09-27,15.0,0.6830470382388496,1.1760912590556813
4.85,2002-09-28,15.0,0.6857417386022636,1.1760912590556813
4.9,2002-09-29,16.0,0.6901960800285137,1.2041199826559248
4.91,2002-09-30,16.0,0.6910814921229684,1.2041199826559248
5.01,2002-10-01,17.0,0.6998377258672457,1.2304489213782739
5.16,2002-10-02,20.0,0.7126497016272114,1.3010299956639813
5.23,2002-10-03,21.0,0.7185016888672743,1.3222192947339193
5.31,2002-10-04,23.0,0.725094521081469,1.3617278360175928
5.36,2002-10-05,24.0,0.7291647896927701,1.380211241711606
5.4,2002-10-06,25.0,0.7323937598229685,1.3979400086720377
5.39,2002-10-07,25.0,0.7315887651867387,1.3979400086720377
5.36,2002-10-08,24.0,0.7291647896927701,1.380211241711606
5.32,2002-10-09,23.0,0.7259116322950482,1.3617278360175928
5.26,2002-10-10,22.0,0.7209857441537391,1.3424226808222062
5.21,2002-10-11,21.0,0.7168377232995244,1.3222192947339193
5.12,2002-10-12,19.0,0.7092699609758307,1.2787536009528289
5.06,2002-10-13,17.0,0.7041505168397991,1.2304489213782739
5.0,2002-10-14,17.0,0.6989700043360189,1.2304489213782739
4.95,2002-10-15,17.0,0.6946051989335688,1.2304489213782739
4.88,2002-10-16,16.0,0.6884198220027106,1.2041199826559248
4.83,2002-10-17,15.0,0.6839471307515121,1.1760912590556813
4.74,2002-10-18,15.0,0.6757783416740851,1.1760912590556813
4.68,2002-10-19,14.0,0.670245853074124,1.146128035678238
4.57,2002-10-20,13.0,0.6599162000698503,1.1139433523068367
4.5,2002-10-21,13.0,0.6532125137753437,1.1139433523068367
4.46,2002-10-22,13.0,0.6493348587121419,1.1139433523068367
4.4,2002-10-23,12.0,0.6434526764861874,1.0791812460476249
4.34,2002-10-24,12.0,0.6374897295125107,1.0791812460476249
4.31,2002-10-25,11.0,0.6344772701607315,1.0413926851582251
4.33,2002-10-26,11.0,0.6364878963533654,1.0413926851582251
4.55,2002-10-27,13.0,0.6580113966571124,1.1139433523068367
4.59,2002-10-28,14.0,0.6618126855372612,1.146128035678238
4.63,2002-10-29,14.0,0.6655809910179531,1.146128035678238
4.55,2002-10-30,13.0,0.6580113966571124,1.1139433523068367
4.43,2002-10-31,13.0,0.6464037262230695,1.1139433523068367
4.4,2002-11-01,12.0,0.6434526764861874,1.0791812460476249
4.37,2002-11-02,12.0,0.6404814369704218,1.0791812460476249
4.34,2002-11-03,12.0,0.6374897295125107,1.0791812460476249
4.3,2002-11-04,11.0,0.6334684555795865,1.0413926851582251
4.26,2002-11-05,11.0,0.6294095991027189,1.0413926851582251
4.22,2002-11-06,11.0,0.6253124509616739,1.0413926851582251
4.18,2002-11-07,11.0,0.6211762817750351,1.0413926851582251
4.13,2002-11-08,10.0,0.615950051656401,1.0
4.11,2002-11-09,10.0,0.6138418218760693,1.0
4.06,2002-11-10,10.0,0.608526033577194,1.0
3.99,2002-11-11,9.0,0.6009728956867483,0.9542425094393249
3.97,2002-11-12,9.0,0.5987905067631151,0.9542425094393249
3.97,2002-11-13,9.0,0.5987905067631151,0.9542425094393249
4.05,2002-11-14,10.0,0.6074550232146685,1.0
3.94,2002-11-15,9.0,0.5954962218255742,0.9542425094393249
3.87,2002-11-16,8.0,0.5877109650189114,0.9030899869919435
3.8,2002-11-17,8.0,0.5797835966168101,0.9030899869919435
3.74,2002-11-18,7.0,0.5728716022004802,0.8450980400142568
3.69,2002-11-19,7.0,0.5670263661590603,0.8450980400142568
3.63,2002-11-20,7.0,0.5599066250361125,0.8450980400142568
3.58,2002-11-21,7.0,0.5538830266438743,0.8450980400142568
3.55,2002-11-22,6.0,0.5502283530550941,0.7781512503836436
3.49,2002-11-23,6.0,0.5428254269591799,0.7781512503836436
3.47,2002-11-24,6.0,0.5403294747908738,0.7781512503836436
3.45,2002-11-25,6.0,0.5378190950732742,0.7781512503836436
3.42,2002-11-26,6.0,0.534026106056135,0.7781512503836436
3.38,2002-11-27,6.0,0.5289167002776547,0.7781512503836436
3.35,2002-11-28,5.0,0.5250448070368452,0.6989700043360189
3.32,2002-11-29,5.0,0.5211380837040362,0.6989700043360189
3.26,2002-11-30,5.0,0.5132176000679389,0.6989700043360189
3.21,2002-12-01,5.0,0.5065050324048721,0.6989700043360189
3.19,2002-12-02,5.0,0.5037906830571811,0.6989700043360189
3.14,2002-12-03,4.0,0.49692964807321494,0.6020599913279624
3.07,2002-12-04,4.0,0.48713837547718647,0.6020599913279624
3.03,2002-12-05,4.0,0.48144262850230496,0.6020599913279624
3.01,2002-12-06,4.0,0.47856649559384334,0.6020599913279624
2.94,2002-12-07,4.0,0.46834733041215726,0.6020599913279624
2.87,2002-12-08,3.0,0.4578818967339923,0.47712125471966244
2.79,2002-12-09,3.0,0.44560420327359757,0.47712125471966244
2.73,2002-12-10,3.0,0.436162647040756,0.47712125471966244
2.68,2002-12-11,2.0,0.42813479402878885,0.3010299956639812
2.65,2002-12-12,2.0,0.42324587393680785,0.3010299956639812
2.62,2002-12-13,2.0,0.41830129131974547,0.3010299956639812
2.58,2002-12-14,2.0,0.41161970596323016,0.3010299956639812
2.54,2002-12-15,2.0,0.40483371661993806,0.3010299956639812
2.41,2002-12-16,1.0,0.3820170425748684,0.0
