datetime,observation,prediction
2012-01-01,22.607170132780485,4.6368475
2012-01-02,20.80926094076073,4.557972
2012-01-03,19.008459814676698,4.4860324999999985
2012-01-04,17.000078590803078,4.437302
2012-01-05,15.002877113698116,4.543995
2012-01-06,13.585902800002383,4.397053700000002
2012-01-07,11.64446831501785,4.2550792999999985
2012-01-08,9.81586550514072,4.198853
2012-01-10,1.0890956604699489,4.1326585
2012-01-11,0.918905764730514,4.04637
2012-01-12,0.6940532928345348,3.9516745
2012-01-13,0.6392366050978987,3.9062302
2012-01-14,0.5406957780909529,3.8906927
2012-01-15,0.4413227260709233,3.8240294
2012-01-16,0.38302541955867386,3.7705219
2012-01-17,0.3083550096856865,3.8406255
2012-01-18,0.25885641499557605,4.2223024
2012-01-19,0.2372881633717217,4.869315
2012-01-20,0.24721744622929814,4.1978593
2012-01-21,0.23397733299001694,3.7904723
2012-01-22,0.19358800591009992,4.02864
2012-01-23,0.15474379406050948,4.565823
2012-01-24,0.13156930875979175,4.3411837
2012-01-25,0.12396395058300938,4.420361
2012-01-26,0.10724614642991114,5.7316303
2012-01-27,0.0939025465442072,4.270799
2012-01-28,0.09059148669733187,3.2967541
2012-01-29,0.07750090802769345,3.1140635
2012-01-30,0.06328375072330658,3.0800648
2012-01-31,0.08440998564416324,3.051822
2012-02-01,0.1149771860349187,3.5214279000000004
2012-02-02,0.16814195795662534,4.385497
2012-02-03,0.16062546877347522,3.4146938
2012-02-04,0.15178703785208048,3.0195327
2012-02-05,0.14144072986229486,3.0189648
2012-02-06,0.12967294765436832,2.9156532000000004
2012-02-07,0.12385188624816645,2.823459
2012-02-08,0.12019420588325773,2.7696679
2012-02-09,0.11405130649341325,2.7063355
2012-02-10,0.11066876296208794,2.6413362
2012-02-11,0.10902359304019177,2.5884173
2012-02-12,0.10495768955150216,2.5967522
2012-02-13,0.10201994621358497,2.5553060000000003
2012-02-14,0.09938230142994196,2.4658990000000003
2012-02-15,0.09551596231941192,2.4126017
2012-02-16,0.09258815047126563,2.3228414
2012-02-17,0.08837773797893933,2.3127968
2012-02-18,0.09184539056916036,2.300159
2012-02-19,0.08655894574433577,3.3626897000000007
2012-02-20,0.08822785239081933,5.740101
2012-02-21,0.0887892256141099,3.3871377000000003
2012-02-22,0.0882018038816912,2.358733
2012-02-23,0.08890704444313058,2.2160513
2012-02-24,0.10458215254749016,2.1244054
2012-02-25,0.12410517165146505,2.098766
2012-02-26,0.12914634036035344,2.1407032000000004
2012-02-27,0.12369428870186785,2.131837
2012-02-28,0.11821591978402153,2.27231
2012-02-29,0.11147871842041836,2.4626293
2012-03-01,0.10871708041623876,2.5857105
2012-03-02,0.10508308233227774,2.216898
2012-03-03,0.10244322762673316,2.129418
2012-03-04,0.09860095620124862,2.2714038
2012-03-05,0.09339961712465776,2.4005127
2012-03-06,0.09170806309667888,1.9783393
2012-03-07,0.08840708468199286,1.917137
2012-03-08,0.08566283969619944,1.8212781
2012-03-09,0.0830548220402751,1.7989482
2012-03-10,0.05936208442912879,4.022211
2012-03-11,0.05569215630596007,23.38066
2012-03-12,0.053282960938582855,14.6893425
2012-03-13,0.052155918553429985,6.3402949999999985
2012-03-14,0.0505149206605082,2.59338
2012-03-15,0.04708989234997096,1.6108025
2012-03-16,0.051787762298487416,1.5211591999999998
2012-03-17,0.05869495598522052,1.5569803999999998
2012-03-18,0.05925909850518876,1.7601678
2012-03-19,0.06006677240624839,2.2263021000000003
2012-03-20,0.05729780754788175,2.654747
2012-03-21,0.05750141167047269,1.9140534
2012-03-22,0.09299663264992973,1.56196
2012-03-23,0.14614898614921554,1.4594108
2012-03-24,0.14027174383399085,1.3874383999999995
2012-03-25,0.11771500296600015,1.3422952
2012-03-26,0.10641734456703146,1.4087691
2012-03-27,0.11342273272185226,1.5142221000000002
2012-03-28,0.1099163515566112,1.3953145
2012-03-29,0.10254833723670907,1.302966
2012-03-30,0.09489019092306757,1.2242684
2012-03-31,0.08901514310943401,1.1342127
2012-04-01,0.07705951935296343,1.1700385
2012-04-02,0.07217800538168948,1.2396598
2012-04-03,0.06436901897841417,1.2753211000000002
2012-04-04,0.06962935102722538,1.2101667
2012-04-05,0.07142472938760454,1.6629846999999998
2012-04-06,0.0685764374195125,2.700567
2012-04-07,0.06415869044269139,2.5678024
2012-04-08,0.06415609686640167,3.2393343
2012-04-09,0.06330429948493531,16.46518
2012-04-10,0.0656888140740034,10.271471
2012-04-11,0.061662796301983014,1.8734697
2012-04-12,0.06150914438722089,1.9471345
2012-04-13,0.06502652457672421,1.8217387
2012-04-14,0.05942835714280637,1.5861595
2012-04-15,0.06384282657580001,1.7894753
2012-04-16,0.057874019541354814,2.0018976000000004
2012-04-17,0.05745825243765493,1.5280061000000005
2012-04-18,0.049088707818960894,1.6864789
2012-04-19,0.04862118399687038,1.7537655
2012-04-20,0.04637021220679003,1.4182364
2012-04-21,0.04404978719621107,1.5528525
2012-04-22,0.04354235479490754,1.0892242
2012-04-23,0.037878935298459114,0.96302
2012-04-24,0.038295295937366816,1.0031351
2012-04-25,0.04017697379393688,1.0820531
2012-04-26,0.039261849192199084,1.0247159
2012-04-27,0.027811190323911657,0.957448
2012-04-28,0.02542973360587211,0.9202257
2012-04-29,0.029299071887065237,1.0619807
2012-04-30,0.022152782951473972,1.466192
2012-05-01,0.025202825671461825,2.478781
2012-05-02,0.03004357159954877,2.5351772
2012-05-03,0.02859841460087005,1.4103034
2012-05-04,0.02980141917482885,1.3986512
2012-05-05,0.03483258915460269,1.5986037
2012-05-06,0.03719278772274577,1.0887146
2012-05-07,0.034735448910184624,1.3233024
2012-05-08,0.03176875759106219,2.2324667
2012-05-09,0.03154640642906266,2.21825
2012-05-10,0.03956583011806015,3.4721038
2012-05-11,0.04334212391481032,22.449823
2012-05-12,0.03664404079644682,10.5004425
2012-05-13,0.03939349067978114,2.2751136
2012-05-14,0.04096023112459477,2.186008
2012-05-15,0.034500104899867504,1.6573733
2012-05-16,0.029408857227025995,0.9568698
2012-05-17,0.04753430211344828,1.5277258
2012-05-18,0.04750081557120454,4.3036923
2012-05-19,0.049529246153335545,5.396196400000001
2012-05-20,0.0482773975590989,20.663927
2012-05-21,0.044829877953453716,10.340237
2012-05-22,0.042368174773516176,2.6404564
2012-05-23,0.04005457983271871,1.1751341
2012-05-24,0.04048599395510925,1.4372969999999998
2012-05-25,0.04808926812731493,0.99782115
2012-05-26,0.05450804993278502,1.116424
2012-05-27,0.05353322527851128,9.351443
2012-05-28,0.05720934096380473,24.389523
2012-05-29,0.05899730645038001,22.138548
2012-05-30,0.057259539744006764,30.448544
2012-05-31,0.056278056454077685,11.024258
2012-06-01,0.08094409787159064,4.3296647
2012-06-02,0.14671484330969392,3.4447242999999994
2012-06-03,0.2622868971109251,3.0348625
2012-06-04,0.4148609402874784,5.181143
2012-06-05,0.5649506835337297,4.149831
2012-06-06,0.7193030424107854,6.063621
2012-06-07,0.8524114408611526,3.4761667000000003
2012-06-08,0.9307872863434884,4.782274
2012-06-09,0.9944540115602504,42.195835
2012-06-10,1.0051342170089879,65.855965
2012-06-11,0.9255920677107708,20.265207
2012-06-12,0.8118711363725434,5.003566
2012-06-13,0.7094086666037621,1.0660688
2012-06-14,0.6275476654710054,0.8182351999999999
2012-06-15,0.5567366281998728,0.8946281999999999
2012-06-16,0.4949110845101491,0.71425366
2012-06-17,0.4723609596375485,0.5591214
2012-06-18,0.4539665154678761,1.0353694
2012-06-19,0.4295980171907137,2.7697802000000005
2012-06-20,0.4671561258128388,2.5830374
2012-06-21,0.6672435316320197,1.2422853
2012-06-22,1.0576735019116859,0.98628867
2012-06-23,1.6146673439791528,0.8411025
2012-06-24,1.9661821236233048,0.6190734999999999
2012-06-25,2.0026948674564764,0.7761558000000001
2012-06-26,1.9886410698457324,0.7145391
2012-06-27,1.9364997606244143,0.6723931
2012-06-28,1.8324266874425312,1.028259
2012-06-29,1.5812490707975642,1.2571954
2012-06-30,1.3072714581442624,1.256466
2012-07-01,1.0972695369552747,2.4667091
2012-07-02,0.9334014729017772,2.320841
2012-07-03,0.8237920951937789,6.425955
2012-07-04,0.8654357929738508,6.604289
2012-07-05,1.1695218148151394,4.4252715
2012-07-06,1.3917222278364607,3.1812108
2012-07-07,1.3994001736457589,17.825321
2012-07-08,1.279668084320437,10.768734
2012-07-09,1.0958114225525086,28.134
2012-07-10,0.9363729005448188,13.637757
2012-07-11,2.3694693086432377,4.9323644999999985
2012-07-12,2.3789470888446407,26.346834
2012-07-13,2.081308890105056,14.737224
2012-07-14,2.056777764563728,27.04887
2012-07-15,1.9395778708670497,94.14594
2012-07-16,1.803557628748191,49.898045
2012-07-17,1.78761076730267,14.057828
2012-07-18,1.8673536416445249,1.5010502
2012-07-19,1.8423129166167658,0.6444871
2012-07-20,1.7452854904068276,1.091781
2012-07-21,1.6176568594869094,1.4088732
2012-07-22,1.489444526032221,0.6501140000000001
2012-07-23,1.3961895567326013,0.49953035
2012-07-24,1.3481567738920357,0.45610863
2012-07-25,1.3285506345260567,0.48892632
2012-07-26,1.3340278404104742,0.94588166
2012-07-27,1.3042133478107054,2.0538404
2012-07-28,1.236930675348947,1.8814778000000003
2012-07-29,1.3463306510253823,1.5410846
2012-07-30,1.7067062234704924,1.9525532
2012-07-31,2.4323080400342905,3.6418042
2012-08-01,3.5957402392513798,3.55769
2012-08-02,4.976327546152729,1.5295095
2012-08-03,6.503711719869844,0.7592229
2012-08-04,7.97626601830507,1.6081806
2012-08-05,9.352661275473693,6.1237283
2012-08-06,10.585796223854938,20.394655
2012-08-07,11.627109155194287,8.716066
2012-08-08,12.45379432611335,1.7832878
2012-08-09,13.292920826799511,2.3752527000000003
2012-08-10,14.045189037175208,5.0422134000000005
2012-08-11,14.411336302187696,3.3100407
2012-08-12,14.68554200874876,2.3816664
2012-08-13,14.967533861618767,2.51832
2012-08-14,15.23748469298223,1.1472265
2012-08-15,15.464128922755888,0.803497
2012-08-16,15.676561785632913,2.4576259
2012-08-17,15.863678421156163,3.4611683
2012-08-18,15.617607710629908,8.383453999999999
2012-08-19,15.379084590018694,4.5695195
2012-08-20,15.441435050163514,1.5725663
2012-08-21,15.522276226326056,2.2734396
2012-08-22,15.573102765913427,2.4005263
2012-08-23,15.73765664404176,1.8402423
2012-08-24,16.021983165595806,1.9915445
2012-08-25,16.372264074567372,4.287262
2012-08-26,16.529519368851627,4.3872
2012-08-27,16.332066293803468,6.381943700000001
2012-08-28,16.304674532402654,12.641339
2012-08-29,16.382188570765134,7.291333
2012-08-30,16.424654037335163,12.181505
2012-08-31,16.505445609507316,48.044804
2012-09-01,16.940254427506236,21.49802
2012-09-02,17.480700156582166,6.2893553
2012-09-03,18.044714376118645,6.107227
2012-09-04,18.720445304879853,10.051016
2012-09-05,19.47476994225261,25.561146
2012-09-06,20.38186697787456,23.768322
2012-09-07,21.030298158914686,55.82059
2012-09-08,21.57490726959139,132.97783
2012-09-09,22.260603273171935,139.24664
2012-09-10,23.39715547000825,40.12103
2012-09-11,25.05661731234268,5.934168
2012-09-12,26.68869182939729,4.945216
2012-09-13,28.32931622330709,25.51154
2012-09-14,29.910520065739973,30.460165000000003
2012-09-15,31.759948561453147,61.50946
2012-09-16,36.79110051374461,142.36498999999995
2012-09-17,40.252632352204536,494.37378
2012-09-18,46.48008385116144,436.47513
2012-09-19,48.7860400395148,519.0047599999998
2012-09-20,53.29190430460675,269.7536
2012-09-21,64.862558190884,100.15002
2012-09-22,89.95858962189959,120.80923
2012-09-23,100.76604646387258,101.80187
2012-09-24,102.80224516621962,32.109154
2012-09-25,104.94349688805262,16.907211
2012-09-26,103.73951548571577,32.5901
2012-09-27,101.85147416322756,58.23158000000001
2012-09-28,103.02360138284378,40.53068
2012-09-29,104.67162028960492,56.43525
2012-09-30,104.63070325668106,144.43748
2012-10-01,104.950159320133,63.592564
2012-10-02,103.28177372788349,36.015987
2012-10-03,101.73513875623811,75.25112
2012-10-04,100.7959191574483,31.124147
2012-10-05,99.7768703558812,6.678624
2012-10-06,99.28390758057532,15.313764
2012-10-07,99.00341844537908,17.509073
2012-10-08,99.85796392708154,34.25136
2012-10-09,99.11210221240248,231.52504
2012-10-10,97.64109197535281,378.92227
2012-10-11,96.24306183132984,96.10901
2012-10-12,95.28824742904743,47.559246
2012-10-13,93.47300162590678,19.818958
2012-10-14,92.07454078170845,14.114143
2012-10-15,91.50681736038547,13.836865
2012-10-16,91.13883972148346,13.942218
2012-10-17,90.70263460186001,14.228188
2012-10-18,89.51682315972658,14.224321
2012-10-19,87.40673569415665,14.084501
2012-10-20,84.80134394418413,13.383723000000002
2012-10-21,81.82853051503982,12.820793
2012-10-22,78.75377882121657,12.577015
2012-10-23,76.19091004108206,12.394546
2012-10-24,73.96682408652369,12.2070265
2012-10-25,71.16549619936617,12.131142
2012-10-26,68.2110919425124,12.381192
2012-10-27,65.00258103594834,11.870459
2012-10-28,61.83133412824689,11.207657
2012-10-29,58.58948698789642,10.684488
2012-10-30,55.53724676295771,10.461293
2012-10-31,53.3083289278741,10.33377
2012-11-01,51.25086252584181,10.454897
2012-11-02,48.88959988259228,12.05093
2012-11-03,46.888948381875274,11.140852
2012-11-04,44.808645649944594,9.6194
2012-11-05,43.098579443893996,8.890011
2012-11-06,41.37235914964196,8.5752735
2012-11-07,39.615044151188954,8.334678
2012-11-08,37.88868557256654,8.119894
2012-11-09,36.57776860024475,7.8877570000000015
2012-11-10,35.38412796408058,7.805694
2012-11-11,34.21029179229847,7.480290400000001
2012-11-12,33.125440076933515,7.1807547000000005
2012-11-13,32.03288528634764,7.413499400000001
2012-11-14,30.855241108415257,8.558195
2012-11-15,29.780483387094034,7.686725999999998
2012-11-16,28.92434571250299,6.7538157000000005
2012-11-17,28.58876968414857,6.3232455000000005
2012-11-18,28.30860876999313,6.639175
2012-11-19,27.79799947580527,8.558428999999999
2012-11-20,27.38222337149065,9.442601
2012-11-21,27.19661075044694,9.701815
2012-11-22,26.964696296938893,12.701141
2012-11-23,26.56517952893447,6.888588
2012-11-24,26.38985208862186,5.597714
2012-11-25,26.804687536471352,5.2476087
2012-11-26,26.88868651147114,6.2775940000000015
2013-01-04,0.37241135303656137,9.231604
2013-01-05,0.3558411095409134,6.3054824
2013-01-06,0.3148112201774899,5.2732477
2013-01-07,0.27759367953645325,8.787428
2013-01-08,0.24926295504828525,9.025077
2013-01-09,0.2283272092794237,5.1894860000000005
2013-01-10,0.2099040425440362,4.395877400000002
2013-01-11,0.19444565842638853,4.1872644
2013-01-12,0.18000235215161645,4.09751
2013-01-13,0.1695917440575165,4.0370693
2013-01-14,0.16218963784173013,3.958523000000001
2013-01-15,0.15507484216327322,3.8348794
2013-01-16,0.14763946072400702,3.7366982
2013-01-17,0.14023093210230575,3.652316
2013-01-18,0.13332351048955435,3.5694842
2013-01-19,0.12894552046643154,3.5127325
2013-01-20,0.12504679906555602,3.4535632000000005
2013-01-21,0.12160528637900192,3.3828807
2013-01-22,0.1181677658191795,3.3004443999999995
2013-01-23,0.11520949223834652,3.1733098
2013-01-24,0.11237416372651164,3.133638
2013-01-25,0.10958523452832827,3.076151
2013-01-26,0.1070889936561632,3.0051908
2013-01-27,0.1046152494934964,2.9488416
2013-01-28,0.1012688510315224,2.9003184
2013-01-29,0.09764533676873093,2.828154
2013-01-30,0.09461605541239804,2.7647989
2013-01-31,0.09105026617645542,2.7081532000000004
2013-02-01,0.08798386324886091,2.6848397
2013-02-02,0.08490637683685825,2.653507
2013-02-03,0.08182013635437711,2.5534332
2013-02-04,0.0790765584389814,2.4760683
2013-02-05,0.07639933848767727,2.4245632
2013-02-06,0.07345557413077651,2.3793013
2013-02-07,0.07053822197080649,2.3323758
2013-02-08,0.0682668610319462,2.2911239
2013-02-09,0.06627093087612515,2.2747974
2013-02-10,0.06386608997389978,2.2230673
2013-02-11,0.06104982971363875,2.178122
2013-02-12,0.058134660536397084,2.1474996
2013-02-13,0.0556570008831612,2.0783505
2013-02-14,0.05334885841467259,2.0420012
2013-02-15,0.05116285315795392,1.9789349
2013-02-16,0.048958163051566035,1.9365457
2013-02-17,0.04655764029094165,1.915742
2013-02-18,0.04422450499804,1.9378005
2013-02-19,0.0424048229296087,2.0185812
2013-02-20,0.04052707545954826,1.9519283
2013-02-21,0.03859031007271793,1.8254939
2013-02-22,0.03659712726976745,1.8113629
2013-02-23,0.034305686023852734,1.7777787
2013-02-24,0.03241863234391372,1.7558188
2013-02-25,0.031040147118407108,1.6887788
2013-02-26,0.029512978401592282,1.6676331999999998
2013-02-27,0.02801441741509511,1.6404836
2013-02-28,0.02670389720600484,1.6335613000000002
2013-03-01,0.02534013169696284,1.5938978
2013-03-02,0.02394466828425426,1.5583138
2013-03-03,0.022767894768558963,1.5167046
2013-03-04,0.021375260705074436,1.4779567
2013-03-05,0.020415946724045043,1.455422
2013-05-12,0.0265970357478938,1.435539
2013-05-13,0.031673103843647334,1.5216478999999998
2013-05-14,0.043400946921341256,1.8378323
2013-05-15,0.05447573765554068,2.750943
2013-05-16,0.054238432124421816,1.9843524
2013-05-17,0.05151896363058736,1.4588444
2013-05-18,0.049271028875891534,1.3366978
2013-05-19,0.047252287948410465,1.30746
2013-05-20,0.04530345008371064,1.2735565
2013-05-21,0.042990381199251484,1.2464428
2013-05-22,0.04057753435925899,1.2462354
2013-05-23,0.040667349860930166,1.2477039
2013-05-24,0.03966691641257165,1.2227458
2013-05-25,0.03739169508374388,1.2063327
2013-05-26,0.034775621369925215,1.1869785
2013-05-27,0.032170857223292215,1.2565818000000002
2013-05-28,0.02974946696752709,1.3877904
2013-05-29,0.027663017661852973,1.1998482
2013-05-30,0.0258540324101714,1.1158191000000002
2013-05-31,0.02367383962521893,1.0589768999999998
2013-06-01,0.02202805860847369,1.0388346
2013-06-02,0.021008502901947067,1.049248
2013-06-03,0.024945654956481968,1.1198133999999995
2013-06-04,0.029293145898061455,1.0852795
2013-06-05,0.02866983230939232,0.99164367
2013-06-06,0.02805174257892679,0.94085634
2013-06-07,0.027265487557450795,0.92683893
2013-06-08,0.02607829071593434,0.9308318
2013-06-09,0.024635342043585376,0.91519237
2013-06-10,0.025281411488207256,0.9010173
2013-06-11,0.034722065460559205,0.9534494
2013-06-12,0.048802263555942416,0.90750897
2013-06-13,0.06207725265701036,0.8854854
2013-06-14,0.07370442114356948,0.86075944
2013-06-15,0.08823436537668301,0.83623326
2013-06-16,0.15152330866886926,0.83667624
2013-06-17,0.5537797648135334,0.91001606
2013-06-18,1.5499167470469666,3.5693314
2013-06-19,3.1363475264702205,8.361725
2013-06-20,5.1675065714732495,2.39623
2013-06-21,7.487803913477326,0.9669531
2013-06-22,9.760856634250956,0.7761581999999999
2013-06-23,12.62692208360898,0.75273216
2013-06-24,15.32430290934202,0.73961
2013-06-25,16.697084419868187,0.75931495
2013-06-26,18.147643796604452,0.8602616
2013-06-27,19.484157092379906,1.0287874
2013-06-28,20.575962611896838,0.8392833000000001
2013-06-29,21.240563534255234,0.85848385
2013-06-30,21.851122532873674,1.2365988
2013-07-01,22.266697993802598,1.7756221
2013-07-02,22.66627537316433,1.7437407
2013-07-03,22.942695470897498,1.1590713
2013-07-04,23.08606106746305,1.1542894
2013-07-05,23.010744915306624,0.7750343000000001
2013-07-06,23.409787529067955,0.6895144
2013-07-07,24.24407064091252,0.87658083
2013-07-08,24.501795158879894,1.20861
2013-07-09,24.706169438485283,0.8017678
2013-07-10,24.86739192175977,0.6388441999999999
2013-07-11,24.84138485642451,0.59826195
2013-07-12,24.781020954992336,0.57418865
2013-07-13,24.68155859408296,0.5887975999999999
2013-07-14,24.85933131579145,0.5904719
2013-07-15,25.561262160297638,0.5393364
2013-07-16,26.090755785003093,0.5513666
2013-07-17,26.269806940299517,0.92018944
2013-07-18,26.24256980026899,1.4897503
2013-07-19,26.084878303470287,0.9097148000000002
2013-07-20,25.74128033779008,0.6491836
2013-07-21,25.490887338168417,0.5327536999999999
2013-07-22,25.375080941288747,0.477799
2013-07-23,26.05702054118459,0.46390423
2013-07-24,26.925309044054856,0.46464643
2013-07-25,27.130650329945574,0.4544147
2013-07-26,27.15425023177805,0.70263976
2013-07-27,27.156006182125786,11.061946
2013-07-28,27.45412545846669,26.558826
2013-07-29,28.243139944586158,7.343826299999999
2013-07-30,30.38987674753809,1.7135849
2013-07-31,34.46037508301094,0.9771402
2013-08-01,41.07712393283033,2.0978777
2013-08-02,46.15580002720685,7.665851600000001
2013-08-03,48.93237517513482,15.706684
2013-08-04,50.924815096335976,4.5178943
2013-08-05,52.734674770320346,0.76767844
2013-08-06,53.84091880595145,1.0661242
2013-08-07,54.85942602573461,2.6764076
2013-08-08,57.48916285071371,3.3355675
2013-08-09,60.076556574314594,2.5409825
2013-08-10,62.326178874438384,2.2686846000000003
2013-08-11,64.24251939017104,3.6196923
2013-08-12,66.23414938966418,1.4747218999999998
2013-08-13,71.96431951973409,0.71398115
2013-08-14,80.23303704438001,0.57247543
2013-08-15,82.94512763010167,0.91092384
2013-08-16,83.94360307547983,0.5942428000000001
2013-08-17,84.20342423359487,0.43075883
2013-08-18,83.9038494784487,0.46138966
2013-08-19,83.3365388983668,1.0049271999999998
2013-08-20,82.64227805985944,1.7430996
2013-08-21,81.76162083382624,1.161945
2013-08-22,81.80536504670702,1.3144534
2013-08-23,82.2045504254972,1.9146644
2013-08-24,80.92513864575959,1.4251568
2013-08-25,79.50061581210345,1.0990597
2013-08-26,77.75229641280356,0.6821722
2013-08-27,76.0650039980418,0.5540020999999999
2013-08-28,74.04788646485878,0.8207026
2013-08-29,71.97253958492203,0.8724389000000001
2013-08-30,70.17484244163812,0.5231812
2013-08-31,68.70625241028236,0.75049925
2013-09-01,67.30675497757801,1.2424503999999998
2013-09-02,65.45429998735852,1.2287291
2013-09-03,63.52569922652043,2.1037195
2013-09-04,61.66116945186886,5.3898373
2013-09-05,60.159858145128396,6.1879835
2013-09-06,59.06431683225356,1.3095839
2013-09-07,58.48209070552828,3.5340478
2013-09-08,57.706498672761974,12.220092
2013-09-09,56.75010130489951,8.457978
2013-09-10,56.49351855832354,3.1026595
2013-09-11,57.567216122462426,0.76850176
2013-09-12,57.32829201133714,0.41408345
2013-09-13,57.70549578118904,0.8686949
2013-09-14,57.697138835620365,2.3320348
2013-09-15,57.64768342600832,3.2703955
2013-09-16,58.12041439744815,1.6109312
2013-09-17,58.0767447608033,14.086489000000002
2013-09-18,57.926767249514725,51.640293
2013-09-19,58.99874219276854,27.816633000000003
2013-09-20,62.18289503505846,68.77396
2013-09-21,64.13574741027526,94.872314
2013-09-22,67.26870169755465,17.430232999999998
2013-09-23,71.58965067910812,14.014091
2013-09-24,76.50162406886552,6.0391445
2013-09-25,81.45031994418147,1.2886231
2013-09-26,87.12463166650652,2.1401515
2013-09-27,92.72309275421391,34.370544
2013-09-28,96.56332926669045,49.272747
2013-09-29,98.80741318076498,79.524025
2013-09-30,98.75391612861992,41.298306
2013-10-01,98.50486331801207,7.456261599999999
2013-10-02,98.40203961897929,6.9883365999999985
2013-10-03,100.24826540213877,20.39818
2013-10-04,103.62621415156849,22.032566
2013-10-05,106.41186676799916,29.104824
2013-10-06,110.26661516418058,64.741615
2013-10-07,116.08748237474327,56.377865
2013-10-08,119.10648689051655,57.216225
2013-10-09,122.9587507094835,16.09427
2013-10-10,128.31708702067948,19.097004
2013-10-11,129.4578424310497,8.712908
2013-10-12,127.4594747576095,10.785057
2013-10-13,124.61314065193676,3.9003909
2013-10-14,121.51519076449694,0.88736415
2013-10-15,118.47936033179865,0.5722887
2013-10-16,117.1207382562542,0.36772445
2013-10-17,114.35245531092413,0.46690026
2013-10-18,112.25646234353508,1.1254642
2013-10-19,110.36008564660332,2.3803735
2013-10-20,108.64107090746118,3.6818023
2013-10-21,106.65577974108152,3.1003087000000003
2013-10-22,104.15639056750416,7.8802996
2013-10-23,101.90214986028191,20.714594
2013-10-24,100.29390452489972,12.061543
2013-10-25,99.55065087504741,4.198299400000002
2013-10-26,99.3514079145406,1.3807163
2013-10-27,99.10324695413622,3.0447586
2013-10-28,456.0089746191984,2.4793146
2013-10-29,970.6659917963617,1.0400959
2013-10-30,964.1631021970243,2.158613
2013-10-31,955.4823096793106,10.641869
2013-11-01,950.1639896695492,9.372368
2014-01-16,2.1577553831103398,3.3924353
2014-01-17,1.7161033853769618,7.1811857
2014-01-18,1.3148830565422545,22.346117
2014-01-19,1.0136030545328891,7.5618887
2014-01-20,0.7930640508720119,12.888046
2014-01-21,0.6260280490615601,43.708363
2014-01-22,0.5012464370249285,23.566021
2014-01-23,0.41374022977458397,31.323885
2014-01-24,0.3499327747629965,16.661272
2014-01-25,0.3030541027984893,28.866034000000006
2014-01-26,0.2650202739859314,39.486706
2014-01-27,0.2353396806757069,17.666555
2014-01-28,0.2271923543124737,31.551529
2014-01-29,0.22118261794682506,47.80989
2014-01-30,0.21504721575441088,82.81953399999998
2014-01-31,0.20724280021295194,38.064365
2014-02-01,0.2001159346115244,36.138138
2014-02-02,0.1947206795353514,59.463047
2014-02-03,0.1915010144628257,19.34626
2014-02-04,0.1861845211516754,2.2178633
2014-02-05,0.1814535200307308,2.7004879
2014-02-06,0.17634395858590934,11.80156
2014-02-07,0.17150025913149514,10.0715475
2014-02-08,0.16524858516722835,10.65017
2014-02-09,0.1591812846001851,21.503592
2014-02-10,0.15427243781851366,25.646315
2014-02-11,0.14775709484118132,44.41492
2014-02-12,0.14083490298152304,49.102665
2014-02-13,0.13488256108255026,13.504829999999998
2014-02-14,0.12923186336131742,4.093279
2014-02-15,0.12271873075669665,2.233475
2014-02-16,0.1158016108929765,2.0973778
2014-02-17,0.10859993617166808,1.3674607
2014-02-18,0.10317333015967677,0.9357885
2014-02-19,0.0995383896833487,1.4790896999999998
2014-02-20,0.09341657650426494,4.74602
2014-02-21,0.08775333135961713,10.776586
2014-02-22,0.08269049014359668,8.152125999999999
2014-02-23,0.07755138232664079,22.376022
2014-02-24,0.07253694267087722,12.635571
2014-02-25,0.06787724578424234,3.3213694
2014-02-26,0.06331200649926941,4.806591
2014-02-27,0.05842281811988261,23.491346
2014-02-28,0.05382320995183214,13.465294
2014-03-01,0.049400016989632096,14.015672
2014-03-02,0.045678767939396604,34.164055
2014-03-03,0.0419722827305357,20.885288
2014-03-04,0.03867696189292336,7.345965400000001
2014-03-05,0.035523077862187884,6.000687
2014-03-06,0.03303434482190582,13.3131695
2014-03-07,0.03135004178663689,32.534267
2014-03-08,0.029490644588006494,44.48156
2014-03-09,0.027631745865177103,97.12308
2014-03-10,0.025238766982412852,68.21611
2014-03-11,0.022563158552575974,17.999117000000005
2014-03-12,0.02058862914675141,27.350899
2014-03-13,0.01915964431041896,33.39249
2014-03-14,0.01797898451095836,119.99728
2014-03-15,0.016727810229644778,266.1496
2014-03-16,0.01541332542950236,212.61186
2014-03-17,0.014284892581274791,162.91516
2014-03-18,0.012989948274648857,65.35470600000001
2014-03-19,0.012035769312814193,51.97944
2014-03-20,0.011210867273482816,262.30515
2014-03-21,0.010459073312024005,868.62463
2014-03-22,0.012252952279565993,667.9793
2014-03-23,0.011584456433446064,166.28127
2014-03-24,0.010792878861186796,75.11863000000002
2014-03-25,0.009941789284160738,82.02266999999998
2014-03-26,0.009632444048205737,132.59895
2014-03-27,0.009704247266152969,170.10076999999995
2014-03-28,0.009703574443647566,93.07922
2014-03-29,0.00973860542623688,84.621895
2014-03-30,0.009750077431470713,58.107380000000006
2014-03-31,0.009651196884571295,64.1783
2014-04-01,0.009706938889445486,72.39432
2014-04-02,0.009721752351653163,206.24239
2014-04-03,0.0096894528676096,426.36392
2014-04-04,0.009741978543906038,586.64124
2014-04-05,0.009698865619157466,445.30258
2014-04-06,0.009706938889445495,304.27155
2014-04-07,0.00969684805131133,446.88382
2014-04-08,0.009659241792664143,326.71805
2014-04-09,0.009746702310697656,125.68504
2014-04-10,0.009662595251144,81.60663000000002
2014-04-11,0.00964851631255662,68.75492
2014-04-12,0.009655889165678026,60.03701
2014-04-13,0.009642486970195992,53.165676
2014-04-14,0.009605031521661013,47.762936
2014-04-15,0.0096003569102571,119.50735
2014-04-16,0.009586342827452255,311.75336
2014-04-17,0.00957634171985216,386.30136
2014-04-18,0.00958500891553712,143.33248999999995
2014-04-19,0.009595016487564254,87.98886
2014-04-20,0.009609707758864909,44.86913300000001
2014-04-21,0.009583008296286295,40.617813
2014-04-22,0.009581007975358052,36.541992
2014-04-23,0.009594349083979416,34.887170000000005
2014-04-24,0.009583675136221638,33.63408
2014-04-25,0.00959101256349196,32.472237
2014-04-26,0.0095843420093049,31.49078
2014-04-27,0.009579007952725678,30.483040000000006
2014-04-28,0.009581007975358043,29.520864000000003
2014-04-29,0.010058652568732116,28.619543
2014-04-30,0.010403104516300856,27.651417
2014-05-01,0.010178582269216136,26.783228
2014-05-02,0.009938366884792568,26.083899
2014-05-03,0.00994932152620819,25.08662
2014-05-04,0.009784551370970463,24.128824
2014-05-05,0.010681497888432184,23.304996
2014-05-06,0.013946348944738032,22.56597
2014-05-07,0.0176219780648818,22.237917000000003
2014-05-08,0.02009318720851589,23.335608
2014-05-09,0.022922936996934377,24.375021
2014-05-10,0.02642347125872748,21.373997
2014-05-11,0.02959049584066195,19.701485
2014-05-12,0.03249833509226704,19.031923000000006
2014-05-13,0.036159612388787864,18.636995
2014-05-14,0.03853969448509676,18.616667
2014-05-15,0.038509200027865065,20.99262
2014-05-16,0.03716117330771991,24.113535
2014-05-17,0.03631136523965366,28.490707
2014-05-18,0.0362871923656049,19.458918
2014-05-19,0.035736090480292346,16.3556
2014-05-20,0.042501373651436185,15.635882999999998
2014-05-21,0.08436266849615409,15.262692
2014-05-22,0.1326860754222656,14.916679
2014-05-23,0.15061476259313064,14.590426
2014-05-24,0.14313590529777484,14.353658
2014-05-25,0.1598325036548244,29.902441
2014-05-26,0.159414709619864,39.4312
2014-05-27,0.15484110868998496,20.304764
2014-05-28,0.15297546618778865,14.3217325
2014-05-29,0.14173748688664473,13.282316
2014-05-30,0.12799998109638566,13.137935999999998
2014-05-31,0.1187384866671619,12.374084
2014-06-01,0.1079102437188111,12.0636635
2014-06-02,0.09792921966476993,11.831128
2014-06-03,0.0929973676945246,11.621837
2014-06-04,0.08867151836384703,11.38253
2014-06-05,0.08292390457091038,11.171239
2014-06-06,0.07648457977274213,10.964303
2014-06-07,0.06942608249661754,10.722217
2014-06-08,0.061831877282496325,10.483202
2014-06-09,0.0569659654100182,10.2999525
2014-06-10,0.052573168537556364,10.100735
2014-06-11,0.0518077955317716,9.912854
2014-06-12,0.05215591855342983,9.760366
2014-06-13,0.050497431688993115,9.585342
2014-06-14,0.04796694915063821,9.391091
2014-06-15,0.04457742445610858,9.359698
2014-06-16,0.040926360476794314,23.519548
2014-06-17,0.03844080200470604,26.484707
2014-06-18,0.03621991426296165,13.324887
2014-06-19,0.03623370762864895,9.032639
2014-06-20,0.040149133557168606,8.621978
2014-06-21,0.04726479646498289,8.472067
2014-06-22,0.05881186323934037,8.32302
2014-06-23,0.08884812107730991,8.199602
2014-06-24,0.13785145574525826,8.071997
2014-06-25,0.18050144024339151,7.945257700000001
2014-06-26,0.229459662236896,7.813878999999999
2014-06-27,0.2970195288731237,7.6883216
2014-06-28,0.39275101426464304,7.600283599999999
2014-06-29,0.5247433855180335,7.4751463
2014-06-30,0.7223401955720883,7.339268700000001
2014-07-01,1.0037276751670874,7.245095
2014-07-02,1.302786494342605,7.1927705
2014-07-03,1.3707630760239422,7.071476
2014-07-04,1.1691092179758955,6.962249000000001
2014-07-05,0.9811953123696848,6.8442607
2014-07-06,0.8506861586643346,6.747694
2014-07-07,0.7570518203004574,6.630122
2014-07-08,0.6891907058470148,6.5323544
2014-07-09,0.6283150794861104,6.3997980000000005
2014-07-10,0.5783001627255859,6.305179
2014-07-11,0.539436443806379,6.2237206
2014-07-12,0.5178163343232007,6.145224
2014-07-13,0.5734989398564929,6.1021624
2014-07-14,0.6881589610046335,6.0325427000000005
2014-07-15,0.7862535199414112,5.932302
2014-07-16,0.8403746723025749,5.793226
2014-07-17,0.9819599363861798,5.6800156
2014-07-18,1.4339916636128696,5.6286526
2014-07-19,2.524385932557989,5.5508394
2014-07-20,4.0550214722536895,5.4773364
2014-07-21,5.948415263806934,5.422519
2014-07-22,7.252412796252051,5.390349400000002
2014-07-23,8.025245225049234,5.3209724000000005
2014-07-24,8.542203406009266,5.205345
2014-07-25,9.243601970406305,5.114823
2014-07-26,10.404262188017443,5.051006299999999
2014-07-27,11.307149114648759,4.9686455999999986
2014-07-28,12.028673589751197,4.8909955
2014-07-29,12.606836908940005,4.8207207
2014-07-30,13.052509998779051,4.7793097
2014-07-31,13.18023811096556,4.730867
2014-08-01,13.41713426471442,4.691975
2014-08-02,13.805335906250205,4.643218
2014-08-03,13.30381414073666,4.5434823
2014-08-04,12.435469715877492,4.450128
2014-08-05,12.069509408737018,4.3552256
2014-08-06,11.77756216505836,4.3150105000000005
2014-08-07,11.714090137719856,4.324403299999998
2014-08-08,12.855544801656494,4.287889
2014-08-09,14.153420479253173,4.1880965
2014-08-10,15.22418908228125,4.0904737
2014-08-11,15.859313834758947,4.0127215
2014-08-12,18.69559359053654,3.9903564
2014-08-13,18.833171027066197,3.951247
2014-08-14,19.3074235234098,3.9561982
2014-08-15,19.745204027280877,3.8698514
2014-08-16,20.350253973181864,3.7348957
2014-08-17,21.049809856619362,3.6574926
2014-08-18,21.346175256465827,3.6520152
2014-08-19,21.41344298777601,3.616438
2014-08-20,20.994722621370684,3.5869480000000005
2014-08-21,20.081147303125306,4.1856019999999985
2014-08-22,19.242359958176927,5.3110065
2014-08-23,18.838880111722396,4.13331
2014-08-24,18.153349978106238,3.5114849
2014-08-25,17.377510942685316,3.3620262000000003
2014-08-26,16.460101947500185,3.2957664
2014-08-27,15.508280501713974,3.2364264
2014-08-28,14.675483268555029,3.207151
2014-08-29,14.483557424264669,3.1674795
2014-08-30,15.62352226959741,3.0981722
2014-08-31,17.263602709789087,3.052509
2014-09-01,18.771201977388028,2.9692986
2014-09-02,19.777698474414912,2.9341443
2014-09-03,20.569882218301068,2.864028
2014-09-04,20.99943106589755,2.8202944
2014-09-05,21.36918386783352,2.820492
2014-09-06,21.860144609960685,2.7763748
2014-09-07,22.087404206392094,2.7135715
2014-09-08,22.2863446470122,2.686217
2014-09-09,22.40669560506421,2.6800754
2014-09-10,22.59057198771163,2.5979967
2014-09-11,22.861847167093728,2.4753747
2014-09-12,23.04230770361719,2.4591374
2014-09-13,23.865125918225175,2.4658988
2014-09-14,26.63900685215429,2.4183676
2014-09-15,29.666683561159626,2.3905156
2014-09-16,32.85280630625679,2.4284427
2014-09-17,35.19051224508981,2.6854932
2014-09-18,36.569803986040675,2.7381477000000003
2014-09-19,37.36334952853659,2.550422
2014-09-20,37.86765060878283,2.9073586
2014-09-21,38.3972824547769,2.4580345
2014-09-22,38.93521360507483,2.1961327
2014-09-23,39.84061851084789,2.1034236
2014-09-24,41.017891272466976,2.0744765
2014-09-25,42.51846239104653,2.0859807
2014-09-26,44.071079767863075,2.1244762
2014-09-27,45.42636905107845,2.2449164
2014-09-28,46.634364401634315,2.040285
2014-09-29,47.40399731484333,2.0134003000000003
2014-09-30,48.26853017333722,2.3208692
2014-10-01,48.76973402669866,2.504641
2014-10-02,48.85605187068175,2.4784486
2014-10-03,48.61901397656873,3.7985873
2014-10-04,47.98370224277917,7.6797223
2014-10-05,47.256016132158365,14.942843
2014-10-06,46.8607083959574,5.3970413
2014-10-07,47.3221315744821,2.0967953
2014-10-08,47.132082929991924,1.8486501
2014-10-09,47.48334665144289,1.7236979
2014-10-10,48.43086097874812,1.8078643
2014-10-11,48.12068042234672,2.1503
2014-10-12,47.769264272880065,2.4076383
2014-10-13,47.5686146437069,2.1552234
2014-10-14,47.58608914955981,1.9822797
2014-10-15,47.686073127201716,1.8718203
2014-10-16,48.233228434196434,1.6037055
2014-10-17,48.52738305279628,1.653356
2014-10-18,48.23264022818676,1.897115
2014-10-19,50.59264395540286,1.5978342
2014-10-20,52.46527805805411,1.6134406
2014-10-21,52.18473114842705,1.4668423000000002
2014-10-22,51.79964797653113,1.4243878
2014-10-23,51.35720976427169,1.5693028999999998
2014-10-24,51.46956764743744,1.4589943
2014-10-25,51.372590887702245,1.3711885
2014-10-26,50.99119097425414,1.441265
2014-10-27,51.6018509982157,2.7756994
2014-10-28,52.71900339581057,6.4973183
2014-10-29,52.391608462948035,4.1297297
2014-10-30,51.509319657300644,2.3990514
2014-10-31,51.03769183411256,1.9635586
2014-11-01,50.43123888794089,10.839116
2014-11-02,49.698797922805156,17.694832
2014-11-03,48.97844789486123,3.3720807999999995
2014-11-04,48.56815834343325,2.3375723
2014-11-05,48.11451481319727,5.072431
2014-11-06,47.71230177898722,9.684689
2014-11-07,47.40109254546825,3.550317
2014-11-08,47.027153479129154,1.945592
2014-11-09,46.53080126897505,3.0069623
2014-11-10,45.826330269568004,1.7712072
2014-11-11,45.07176389520375,1.4562943000000002
2014-11-12,44.34051475049675,2.6768456
2014-11-13,43.49855798550413,2.7629168
2014-11-14,42.62902821796764,2.836577
2014-11-15,41.611383007392256,2.0518956000000004
2014-11-16,40.606009986140535,3.6700706
2014-11-17,39.60814541966936,3.3077607
2014-11-18,38.56923002769364,1.7101744
2014-11-19,37.54177234732139,1.2777911
2014-11-20,36.73320533178345,1.3524193000000002
2014-11-21,35.94116794942898,1.0168163
2014-11-22,35.065759509340324,0.90845615
2014-11-23,34.145676135606976,0.98860043
2014-11-24,33.25739984766867,1.6782825
2014-11-25,32.35213467850605,1.909735
2014-11-26,31.37431689064955,2.1477985
2014-11-27,30.217059977605714,2.815415
2014-11-28,29.07505010687226,2.0466628
2014-11-29,27.948274757390763,1.206216
2014-11-30,26.814934024485996,1.4724703
2014-12-01,25.962803217189432,1.4927449
2014-12-02,25.305258340626697,1.073553
2014-12-03,24.7147417709463,1.3193296
2014-12-04,23.92941343007757,1.2556448
2014-12-05,22.800311419571248,1.6518206999999998
2014-12-06,21.961574952197765,1.4000156
2014-12-07,21.244165216881157,1.0830102
2014-12-08,20.61022880689817,0.91933763
2014-12-09,19.23930918556477,0.88851887
2014-12-10,18.07810233260505,1.1122947
2014-12-11,17.05879376038481,19.621859
2014-12-12,16.12393148738894,55.58839
2014-12-13,15.284796400001245,14.293013
2014-12-14,14.511470640704605,3.1312292
2014-12-15,13.604112900000274,2.005622
2014-12-16,12.497000322411756,2.2446098
2014-12-17,11.304853792619538,2.173498
2014-12-18,9.970130955669172,1.355526
2014-12-19,8.622634487195768,1.0713601
2014-12-20,7.358338289539856,1.6684974
2014-12-21,6.163680125026715,1.5666383999999998
2014-12-22,5.033100286657577,1.8737525
2014-12-23,4.059386493223559,10.284976
2014-12-24,3.2549247240830237,26.395477000000003
2014-12-25,2.5969006493572215,37.98441
2014-12-26,2.0514093828150077,15.950932
2014-12-27,1.599572487648898,1.80795
2014-12-28,1.2472910730687392,0.928185
2014-12-29,0.9886045195943888,1.4019235
2014-12-30,0.8073812603679862,2.1852648
2014-12-31,0.6755711181770909,1.3073428
2015-01-01,0.5706516850677754,1.2836905
2015-01-02,0.5010099328170153,1.717399
2015-01-03,0.4901834050923198,1.0601431
2015-01-04,0.4832018773146009,0.96800816
2015-01-05,0.4777594524625226,1.6526808000000002
2015-01-06,0.471303760476953,9.492111
2015-01-07,0.4614294293330693,20.817614000000006
2015-01-08,0.4542709242570217,4.962433
2015-01-09,0.4455849295824352,3.0959830000000004
2015-01-10,0.4362221416773805,18.18851
2015-01-11,0.4222981416978116,12.716474
2015-01-12,0.4076149438417223,30.92632
2015-01-13,0.3921835433559036,29.021435
2015-01-14,0.3821524254965887,58.354286
2015-01-15,0.3743684611788355,20.63899
2015-01-16,0.36459442192108704,17.269270000000002
2015-01-17,0.3550832902987812,52.47844300000001
2015-01-18,0.34569890740201864,17.22849
2015-01-19,0.3350716864459298,8.402505
2015-01-20,0.3230968191550313,39.335327
2015-01-21,0.3102778458548573,38.01903
2015-01-22,0.30040477083377115,55.449932
2015-01-23,0.2895386431106036,36.567936
2015-01-24,0.2798242839325917,15.924097
2015-01-25,0.269830846225752,4.5155807
2015-01-26,0.2602289681427197,1.4025829
2015-01-27,0.25138243990689857,1.62894
2015-01-28,0.24173441857995084,2.6769032000000004
2015-01-29,0.23274432439439766,14.114753
2015-01-30,0.2240463387661206,12.09951
2015-01-31,0.21480731013963664,20.090504
2015-02-01,0.2049860914666002,30.130642
2015-02-02,0.193799308600212,24.380592
2015-02-03,0.18354422893937292,78.27436
2015-02-04,0.1749168249154455,176.2786
2015-02-05,0.16566191841272526,58.804947
2015-02-06,0.15724392072172344,11.5200405
2015-02-07,0.1502953107974418,3.1148248
2015-02-08,0.1430669011585351,0.8539813
2015-02-09,0.13694434469860947,0.85262954
2015-02-10,0.13060574047408366,1.6561213
2015-02-11,0.12428393930923935,6.856528
2015-02-12,0.11904878404410188,17.361061
2015-02-13,0.11370743072212842,5.066589
2015-02-14,0.10905011073185997,6.7615110000000005
2015-02-15,0.10422224757896492,4.4988346
2015-02-16,0.09899638145086574,1.4413648
2015-02-17,0.0940388048102076,1.1275583999999998
2015-02-18,0.08985361952773792,2.1096559
2015-02-19,0.08622212515856803,2.8582695
2015-02-20,0.08362697191824492,2.192093
2015-02-21,0.08209818142555844,3.256357
2015-02-22,0.0808125079392931,4.394404
2015-02-23,0.07765834658999975,1.9778408
2015-02-24,0.07421543210043724,44.836807
2015-02-25,0.07120375768640584,105.205734
2015-02-26,0.06867985202718828,36.355442
2015-02-27,0.06574686073736448,42.193565
2015-02-28,0.06267715254584261,83.54496
2015-03-01,0.060297200955437814,79.08882
2015-03-02,0.059915973166049574,116.238655
2015-03-03,0.05717828128805352,217.75847
2015-03-04,0.054943285241950864,188.64362
2015-03-05,0.05272405069571468,68.23803000000001
2015-03-06,0.05065279755472254,22.227942
2015-03-07,0.04801753690936614,11.230909
2015-03-08,0.045648254314136834,10.962749
2015-03-09,0.0429475307417172,3.5904467
2015-03-10,0.04103180157898837,1.5825031
2015-03-11,0.039545634964856906,2.4358027
2015-03-12,0.03780600618588485,5.959672
2015-03-13,0.035876297749231366,10.5216465
2015-03-14,0.03575316793397041,10.532286
2015-03-15,0.03647050182909088,13.654979
2015-03-16,0.034685279968550115,36.90902
2015-03-17,0.03301497838624482,52.39079
2015-03-18,0.03129565139029132,26.410164
2015-03-19,0.029389549370964805,44.180374
2015-03-20,0.027671550719623968,17.512864999999998
2015-03-21,0.028302449127707605,2.6799119
2015-03-22,0.027116595411713625,2.2837276
2015-03-23,0.0258377766494815,3.335325
2015-03-24,0.024592171711848045,6.2436934
2015-03-25,0.023313211469320024,17.685816
2015-03-26,0.022760471637504245,76.74016999999998
2015-03-31,0.022760471637504238,57.416107
2015-04-01,0.022770369529859436,12.104381
2015-04-02,0.02276294582239026,2.878587
2015-04-03,0.02276047163750422,9.1611395
2015-04-04,0.02276170870593165,20.399881
2015-04-05,0.022764182986881158,23.709524
2015-04-06,0.02276047163750422,8.683676
2015-04-07,0.022765420199405487,2.1541002
2015-04-08,0.02276047163750422,1.4945337
2015-04-09,0.02276047163750422,4.895267
2015-04-10,0.022764182986881158,20.794325
2015-04-11,0.02293039793990095,43.7984
2015-04-12,0.02276170870593165,42.154488
2015-04-13,0.022812469879155424,61.688194
2015-04-14,0.022775319628937675,55.69197
2015-04-15,0.022762945822390246,158.38463000000004
2015-04-16,0.02276047163750422,120.38658999999998
2015-04-17,0.02276047163750422,30.154501
2015-04-18,0.022770369529859436,7.090009700000001
2015-04-19,0.02276047163750422,2.2009263
2015-04-20,0.02276665745996437,1.7366266
2015-04-21,0.024842786814474074,2.0224435
2015-04-22,0.027192373349315832,2.5934107
2015-04-23,0.02781690056950883,3.259684
2015-04-24,0.02448774070334543,5.651822599999999
2015-04-25,0.02276170870593165,4.463809
2015-04-26,0.023589973669248303,3.9106472
2015-04-27,0.02345446044011231,13.002083
2015-04-28,0.02292542378520424,26.395498
2015-04-29,0.022764182986881158,13.325903
2015-04-30,0.02276665745996437,13.303911
2015-05-01,0.022764182986881158,23.786613
2015-05-02,0.02276665745996437,24.354507
2015-05-03,0.02276047163750422,32.996983
2015-05-04,0.02276047163750422,11.292716
2015-05-05,0.022765420199405487,11.854555
2015-05-06,0.027064804875761076,53.452164
2015-05-07,0.03070486129924035,22.289593
2015-05-08,0.03206959835495694,5.4894295
2015-05-09,0.031926013201874,2.8525786
2015-05-10,0.031613620375363034,2.2319037999999995
2015-05-11,0.03116229277231065,2.3218458
2015-05-12,0.030559563111770875,2.3480012
2015-05-13,0.031255290758534185,2.4536462
2015-05-14,0.03606156003876036,2.6124662999999995
2015-05-15,0.03422780694934833,2.3636115
2015-05-16,0.03346409203693407,2.251156
2015-05-17,0.03282658044862587,2.2819726
2015-05-18,0.03231046082895776,2.2499127
2015-05-19,0.031822162267724365,2.2343683
2015-05-20,0.03132672335506293,2.128257
2015-05-21,0.030752380993854283,2.1103358
2015-05-22,0.03006922225965045,2.1116893
2015-05-23,0.02961736265445575,2.088837
2015-05-24,0.029210271927823488,2.0719726
2015-05-25,0.02872384432445445,2.0526178
2015-05-26,0.028344388610742007,2.0372102
2015-05-27,0.028100605995545,2.0266368000000003
2015-05-28,0.027886919069427592,1.9937825
2015-05-29,0.02722047760192326,2.0215154
2015-05-30,0.02700600704569522,2.0672045
2015-05-31,0.026442743127584743,2.0301254
2015-06-01,0.026021075471877736,2.4469957
2015-06-02,0.025858097491633925,2.9185507
2015-06-03,0.02587436238356733,2.2249634
2015-06-04,0.02613149957624374,2.1723387
2015-06-05,0.02559616072776959,2.165466
2015-06-06,0.025028962615499903,2.4588356
2015-06-07,0.024639269301742837,3.1530747000000003
2015-06-08,0.024710036453372903,2.8145814
2015-06-09,0.024602632280195203,3.1415646
2015-06-10,0.02412601580685484,2.1976557
2015-06-11,0.02364713193800392,1.9073209
2015-06-12,0.02349239855040486,1.8555472
2015-06-13,0.02343803419249214,1.8187613
2015-06-14,0.031188622104379355,1.8067629
2015-06-15,0.03292309856213572,1.806916
2015-06-16,0.032554210238894994,1.7765014
2015-06-17,0.03249833509226691,1.6927772
2015-06-18,0.032791241175567934,1.6527965
2015-06-19,0.03269660185315608,1.6458803
2015-06-20,0.03197960654654778,1.6533585
2015-06-21,0.03121961813064244,1.618957
2015-06-22,0.0306895435619256,1.5945683000000002
2015-06-23,0.032113871050994315,1.5885646
2015-06-24,0.03334206271210498,1.5708736
2015-06-25,0.03320900812144908,1.5496962
2015-06-26,0.034128570487503285,1.5339936
2015-06-27,0.033345312695444634,1.520684
2015-06-28,0.032861946920347496,1.5129607
2015-06-29,0.03244730922784611,1.4881396999999998
2015-06-30,0.03185675239041372,1.4735812
2015-07-01,0.031196369048986882,1.4850491
2015-07-02,0.030460432010808336,1.5192522
2015-07-03,0.02981491872364196,1.4589733
2015-07-04,0.02917332875262755,1.4451329
2015-07-05,0.02854311700509087,1.4376571000000002
2015-07-06,0.028114989152567174,1.3892055
2015-07-07,0.027700007825876196,1.1416667
2015-07-08,0.027357077674001515,0.9642116
2015-07-09,0.02740789897166477,0.9374041
2015-07-10,0.027039569373600924,0.9323038
2015-07-11,0.02646891386465093,0.9063263
2015-07-12,0.026007466023483028,1.1489493
2015-07-13,0.026481316985488328,1.5154948
2015-07-14,0.026954323443783342,1.0276353
2015-07-15,0.02701020070829847,0.8503491
2015-07-16,0.026890166732938838,0.86209583
2015-07-17,0.026759403225767267,0.91876507
2015-07-18,0.026741354737882347,0.8608444
2015-07-19,0.0276075985981362,0.8241609000000001
2015-07-20,0.02846902191441832,0.82141787
2015-07-21,0.028441453025663137,0.8119789000000001
2015-07-22,0.028400859959242162,0.8106213000000001
2015-07-23,0.028189866360429094,0.81911796
2015-07-24,0.02782832357329751,0.81408566
2015-07-25,0.02747435045837485,0.7997257
2015-07-26,0.027261265617193827,0.7951408
2015-07-27,0.02722328916795289,0.8080854000000001
2015-07-28,0.02761896013927656,0.80090964
2015-07-29,0.028230243807841462,0.7717854000000001
2015-07-30,0.030227999671084187,0.7612899999999999
2015-07-31,0.031630831059814214,0.7560834
2015-08-01,0.03267097062234872,0.76596284
2015-08-02,0.03966139786271962,0.75744224
2015-08-03,0.04133034222594178,0.7253606
2015-08-04,0.04152009187316387,0.70722127
2015-08-05,0.0419818603412746,0.7306778
2015-08-06,0.042557444970805984,0.70537144
2015-08-07,0.05334203873600403,0.6894145
2015-08-08,0.07521307389641152,0.68746376
2015-08-09,0.07457290957738398,0.67852014
2015-08-10,0.07065763346615099,0.6625418000000001
2015-08-11,0.09145389290647583,0.6479756
2015-08-12,0.13844359926596386,0.6520847
2015-08-13,0.2276535028770732,0.6534491
2015-08-14,0.3665362708488413,0.6175307
2015-08-15,0.5796861239075988,0.60395205
2015-08-16,0.867567470662257,0.60305405
2015-08-17,1.1193879401110327,0.61427087
2015-08-18,1.3361823856286057,0.6373664000000001
2015-08-19,1.526429654059771,0.88560176
2015-08-20,1.6598999630906284,2.2850845
2015-08-21,1.743857825527812,2.1877744
2015-08-22,1.890367721586944,0.86116755
2015-08-23,2.023526817924031,1.4599209999999998
2015-08-24,2.2032153873074147,5.2420019999999985
2015-08-25,2.2655627265657694,24.779877
2015-08-26,2.2678467491325502,11.012541
2015-08-27,2.297922926334321,1.9039963
2015-08-28,2.397122453742736,1.541067
2015-08-29,2.436627454932538,0.931887
2015-08-30,2.6250246065442853,0.6453298000000001
2015-08-31,3.18052490176088,0.6145988
2015-09-01,3.362083259561748,0.6625139
2015-09-02,3.526446586299296,0.80526483
2015-09-03,4.020471153508323,1.3669405
2015-09-04,4.93315501880654,1.1027656
2015-09-05,5.925695540878366,0.940687
2015-09-06,7.219947498151125,0.65241355
2015-09-07,8.595096711379218,0.53264695
2015-09-08,9.605904587242332,0.559218
2015-09-09,10.241188711185817,0.62530005
2015-09-10,10.786420109288752,0.7900357
2015-09-11,11.040950385615854,0.9056104
2015-09-12,10.840692428958716,0.6203354999999999
2015-09-13,10.83998371639341,0.5217649999999999
2015-09-14,11.14748545419259,0.56683505
2015-09-15,11.973147569757304,0.61965704
2015-09-16,13.93730782953804,0.6996194
2015-09-17,17.355678394941936,0.6941008000000001
2015-09-18,20.330097159469638,0.5932729999999999
2015-09-19,22.331103877851152,0.59364134
2015-09-20,23.80753257569504,0.57603246
2015-09-21,24.94865163433179,0.47853124
2015-09-22,25.712371726119148,0.46910012
2015-09-23,26.46160730560891,0.53600204
2015-09-24,27.78431268485664,0.8375017
2015-09-25,29.644203494230503,0.88498414
2015-09-26,31.04933082321143,1.1304163
2015-09-27,32.27150326278307,1.4856592
2015-09-28,34.73315715255869,0.73443353
2015-09-29,37.812504417669956,0.47054806
2015-09-30,41.03020454060278,0.53729856
2015-10-01,45.47964657038038,1.1039205
2015-10-02,48.50995760369385,1.7584449
2015-10-03,49.76252478390485,1.3868476
2015-10-04,50.74679296843535,1.188426
2015-10-05,51.87334168850335,0.9889111
2015-10-06,53.02645464919794,0.59562296
2015-10-07,53.301063744719364,0.44430324
2015-10-08,53.49367188597697,0.4437609
2015-10-09,53.293483438193334,0.42613563
2015-10-10,53.006631274051465,0.82972103
2015-10-11,52.921419656865254,2.1411257000000004
2015-10-12,53.01544100930092,1.4902225
2015-10-13,52.8683298766217,0.6961156
2015-10-14,52.95159412073845,1.9319699
2015-10-15,53.49588865856502,6.522114
2015-10-16,54.90587027985218,2.8263361
2015-10-17,56.99260378920383,0.7219971
2015-10-18,59.43222425814515,0.40660292
2015-10-19,60.98837580303078,0.37034917
2015-10-20,62.150107014696644,0.37345192
2015-10-21,63.1448374921216,0.37627473
2015-10-22,63.94524438594968,0.385013
2015-10-23,64.1170032707184,0.33421287
2015-10-24,64.03486362206493,0.8807796999999998
2015-10-25,63.475944352776395,1.5335754
2015-10-26,62.25486042318981,1.0954037
2015-10-27,60.58660322900625,1.8376617
2015-10-28,58.65676572105997,4.2578278
2015-10-29,56.23579644452739,1.9219329
2015-10-30,54.25180376612403,0.73666483
2015-10-31,52.62939024174021,1.0095683000000002
2017-01-04,21.352254382332283,1.2902669
2017-06-17,49.83383568727196,0.91666424
2018-05-14,35.638028651214775,0.89330244
2018-05-15,34.928943466370896,1.0828927
2018-05-16,35.261471431730705,1.7474074
2018-05-17,34.74013598839326,1.4040818000000002
2018-05-18,33.181916211205746,1.4173479
2018-05-19,32.0006239208469,0.84432286
2018-05-20,30.917914529979576,0.88775617
2018-05-21,29.754024749098946,0.6158714
2018-05-22,29.21809046535509,1.3229398
2018-05-23,28.350839306498266,2.6675017000000003
2018-05-24,27.33946042877035,1.9570119
2018-05-25,26.73902186210416,0.6938839
2018-05-26,26.551353196126385,1.466264
2018-05-27,26.25761439630993,8.703693
2018-05-28,26.009313833540787,5.54691
2018-05-29,25.468888676991764,1.6413542
2018-05-30,24.961692813808607,0.5934199
2018-05-31,24.529362080458533,0.68125165
2018-06-01,24.212598509737767,0.9386144
2018-06-02,24.344977851033487,0.62395525
2018-06-03,24.37585028855205,0.64092356
2018-06-04,24.630933657900762,0.7601259
2018-06-05,25.44504106106957,0.67805
2018-06-06,26.057399415679374,0.7063467
2018-06-07,21.01363436247039,0.38086835
2018-06-08,26.697750091589203,0.75249356
2018-06-09,26.758902551160798,1.4597638000000002
2018-06-10,26.774930593402022,0.5486544
2018-06-11,27.391645480045355,0.4312948
2018-06-12,27.65067394312023,0.84911466
2018-06-13,28.194409975224644,0.46110365
2018-06-14,29.25367174978115,0.5815651
2018-06-15,30.58697035747616,1.4557911
2018-06-16,30.98668155551289,1.8670585
2018-06-17,31.39898316600348,1.5254024
2018-06-18,30.9029330973737,0.73546225
2018-06-19,31.174470085935287,0.56829154
2018-06-20,31.542494548132893,0.36588663
2018-06-21,31.489978464938073,1.2676858
2018-06-22,31.69845701043397,2.7435386000000004
2018-06-23,31.97408606867396,1.0881596000000002
2018-06-24,32.118809214024715,0.364315
2018-06-25,32.187490562063196,0.4008257
2018-06-26,32.16920932988389,0.83917624
2018-06-27,31.731154683945338,3.4604697
2018-06-28,31.166719077477484,6.0903215
2018-06-29,30.444039701042858,2.6937814
2018-06-30,29.724877210648646,3.1486094
2018-07-01,28.46710442825201,2.3241565
2018-07-02,26.095496378532328,1.6028326000000002
2018-07-03,23.163468841629967,0.9998675
2018-07-04,22.100537459927168,1.0197593
2018-07-05,21.803883659506997,0.52098405
2018-07-06,21.793710994365224,1.2892065
2018-07-07,21.335006033318386,3.6134899
2018-07-08,20.82830308115002,4.617943
2018-07-09,20.203768748880293,2.1274521
2018-07-10,19.864953230997155,2.0484917
2018-07-11,20.063224405688697,7.1543946
2018-07-12,20.62288877283652,3.6742141
2018-07-13,21.662106707003588,0.9225832
2018-07-14,23.044736890695162,0.35764375
2018-07-15,25.77058805130353,0.33404484
2018-07-16,28.784775590060736,0.40372086
2018-07-17,30.684368467455865,0.43812254
2018-07-18,32.8132560441431,0.5942991999999999
2018-07-19,34.85356592757794,3.743872
2018-07-20,35.54869556742501,11.939682
2018-07-21,36.00007788350985,4.1978335
2018-07-22,36.895913225598214,2.4560018
2018-07-23,38.19973504093832,1.4219024
2018-07-24,39.46907666838931,0.43316475
2018-07-25,40.16250350160846,0.8976576999999999
2018-07-26,39.66182484761517,5.468388
2018-07-27,38.08309593055213,10.541171
2018-07-28,38.06844081898543,7.237253999999999
2018-07-29,39.23840946608341,2.6786213
2018-07-30,40.43850929374256,1.7736664
2018-07-31,41.72794916962626,1.9709243000000003
2018-08-01,43.14364562021061,1.8335651
2018-08-02,44.668449985228726,2.298577
2018-08-03,46.384201379270046,1.387834
2018-08-04,47.707080059159345,0.83933425
2018-08-05,48.2611741227681,0.3712191
2018-08-06,48.40078125952135,0.23520479
2018-08-07,48.627592218903885,0.33508992
2018-08-08,49.720133912388356,0.3681865
2018-08-09,50.4582660171405,0.90396273
2018-08-10,50.61303575112696,2.8695674
2018-08-11,50.919312036949044,2.701936
2018-08-12,51.50685377868732,4.00347
2018-08-13,51.896889902494294,37.95335
2018-08-14,52.03306130459898,17.732378
2018-08-15,52.85168825874717,2.5322948
2018-08-16,53.14046305156726,2.1116505
2018-08-17,52.87618099552506,11.514865
2018-08-18,52.365716815077036,11.814016
2018-08-19,51.529666373843156,15.323675
2018-08-20,51.09163676791378,2.8373485
2018-08-21,50.66998122866848,12.479598
2018-08-22,49.58201680825018,46.64413
2018-08-23,48.210586201718776,39.150517
2018-08-24,46.949503572885845,36.399628
2018-08-25,45.876537138289564,20.578411
2018-08-26,45.14914665798296,6.6624527
2018-08-27,45.016868483437,9.659345
2018-08-28,44.84241749538957,4.9824214000000016
2018-08-29,45.23505148326309,4.610831
2018-08-30,46.42482682839469,6.813781
2018-08-31,47.10084679078577,1.4483911
2018-09-01,47.362471203461425,0.37752885
2018-09-02,47.36160030471014,0.7947293000000001
2018-09-03,47.491199540602466,7.5411654000000015
2018-09-04,47.76137856406914,17.218363
2018-09-05,47.36276150558757,3.2265513
2018-09-06,46.43627520386388,0.5760021
2018-09-07,45.50398096273428,1.186045
2018-09-08,44.83907354502779,14.010015
2018-09-09,43.95595502258185,37.45887000000001
2018-09-10,42.85552329557642,16.642239
2018-09-11,41.73643579746783,6.7910357
2018-09-12,40.71781759168083,2.4088786
2018-09-13,40.109629749075225,1.2482941
2018-09-14,40.615113323514045,4.5381384
2018-09-15,42.267159937948186,7.485936
2018-09-16,42.63576025276237,7.069317999999999
2018-09-17,41.798266235037474,20.988953
2018-09-18,41.22231814210378,17.998478
2018-09-19,40.758096539404576,19.502787
2018-09-20,40.09442164501087,6.5948534
2018-09-21,39.67640394084988,0.86743534
2018-09-22,39.92200831262598,1.1093218
2018-09-23,40.66794143311612,4.5094757
2018-09-24,41.536004175285456,11.75285
2018-09-25,42.678324281454,16.420044
2018-09-26,43.712685075565815,30.935913
2018-09-27,46.6767338833962,36.454613
2018-09-28,47.564246733612045,203.4254
2018-09-29,47.93976413602884,375.8985
2018-09-30,47.966416489965134,162.90828
2018-10-01,47.7415223807719,296.97888
2018-10-02,47.22588013701056,104.23146
2018-10-03,46.21624796067297,13.405088
2018-10-04,46.27675242662447,2.045837
2018-10-05,47.61551492388586,7.9351134
2018-10-06,47.259494246145685,13.377288
2018-10-07,46.75074606029865,15.37744
2018-10-08,46.15380506864538,28.431767
2018-10-09,45.414253939433316,8.322556500000001
2018-10-10,44.701032103022634,1.69874
2018-10-11,44.53829115065426,11.006314
2018-10-12,45.016650412261264,53.988735
2018-10-13,45.86688983343069,24.534168
2018-10-14,46.42253739528021,6.423832
2018-10-15,46.370760523671855,12.186363
2018-10-16,45.78239605017808,12.008003
2018-10-17,45.41115509562285,58.6827
2018-10-18,44.411899825286596,207.5612
2018-10-19,43.74683538211433,213.21057
2018-10-20,43.63146752502457,69.6728
2018-10-21,43.16890824582857,36.411106
2018-10-22,43.57181383983694,71.41346999999998
2018-10-23,42.859965575509776,103.82151
2018-10-24,41.57645856801589,205.05449
2018-10-25,41.105189016876466,138.62416000000002
2018-10-26,40.615633558252135,24.154488
2018-10-27,39.653009247913076,3.5230336
2018-10-28,38.6969806472295,1.9168366
2018-10-29,37.4444704537153,2.4327972
2018-10-30,36.47914310774594,2.1192894
2018-10-31,35.3721078416535,1.7467203999999998
2018-11-01,34.45181757001979,1.7225996
2018-11-02,33.45151387071469,1.5732143
2018-11-03,32.35390355244653,1.6408608
2018-11-04,31.5162286923404,1.7678368000000002
2018-11-05,30.949820854021798,1.659677
2018-11-06,30.436842215746516,1.6798189
2018-11-07,30.14321101040979,1.7736667000000002
2018-11-08,29.738615650434518,1.7184412
2018-11-09,28.95517717081236,2.0622618000000004
2018-11-10,28.669409865117697,3.2178082000000003
2018-11-11,28.94762027213325,2.1630347000000003
2018-11-12,27.838492941040077,1.6128991
2018-11-13,26.704817669394302,1.5127181
2018-11-14,25.41525397833114,1.5169758999999998
2018-11-15,24.517026772911983,1.6056201
2018-11-16,24.004542000408648,1.6549294999999995
2018-11-17,23.32811624993387,1.6601377
2018-11-18,22.05442730520863,1.6732566000000002
2018-11-19,20.618881853840715,2.1946614
2018-11-20,19.67691935507913,2.8725824
2018-11-21,19.04068924060046,2.846535
2018-11-22,18.51350110937305,3.3139894
2018-11-23,18.406727683767734,2.2146504
2018-11-24,18.407066813496858,1.5809806999999998
2018-11-25,18.41057037815885,1.434104
2018-11-26,18.41012696109954,2.530933
2018-11-27,18.40879675569702,4.490359
2018-11-28,18.403033325681,2.5075917000000003
2018-11-29,18.40510210094461,2.0526805
2018-11-30,18.40288556237612,1.5555258
2018-12-01,18.40288556237612,1.3676198
2018-12-02,18.40288556237612,1.3493747
2018-12-03,18.40288556237612,1.2914317
2018-12-04,18.40288556237612,1.2779899
2018-12-05,18.40288556237612,1.2171463
2018-12-06,18.40288556237612,1.2035205
2018-12-07,18.40288556237612,1.2009265
2018-12-08,18.40288556237612,1.1901715
2018-12-09,18.403033325681,1.2254882
2018-12-10,18.40480655145019,1.181497
2018-12-11,18.405693210104594,1.141143
2018-12-12,18.405249876963254,1.1061428
2018-12-13,18.410126961099593,1.0765351
2018-12-14,18.412787577897674,1.1006602
2018-12-15,18.40835336915446,1.1963041
2018-12-16,18.413489341902963,1.419482
2018-12-17,18.40894455290663,1.1422999
2018-12-18,18.404215462632536,1.0794616
2018-12-19,18.403033325681,1.1432184
2018-12-20,18.40288556237612,1.0340052
2018-12-21,18.40288556237612,0.9876183
2018-12-22,18.40288556237612,0.980331
2018-12-23,18.40288556237612,0.97583777
2018-12-24,18.404511005346187,0.96146154
2018-12-25,18.40288556237612,0.95819104
2018-12-26,18.40288556237612,0.93952316
2018-12-27,18.403328854833468,0.91161025
2018-12-28,18.403772154918943,0.90058863
2018-12-29,18.408057782364462,0.8946235999999999
2018-12-30,18.4099791571086,0.9010087
2018-12-31,18.41397016241756,0.8706627
2019-01-01,18.412639758647565,0.812894
2019-01-02,18.41027476593829,0.7834042
2019-01-03,18.411457235165717,0.8017829000000001
2019-01-04,18.40731883022317,0.9723093
2019-01-05,18.404215462632536,1.1058601
2019-01-06,18.403624387376205,0.8844662
2019-01-07,18.405102100944585,0.7597524999999999
2019-01-08,18.403033325681,0.75252855
2019-01-09,18.40318108983346,0.72878253
2019-01-10,18.403328854833468,0.7244696999999999
2019-01-11,18.404215462632536,0.71188366
2019-01-12,18.40288556237612,0.70226204
2019-01-13,18.403033325681,0.70162266
2019-01-14,18.40288556237612,0.68038327
2019-01-15,18.40288556237612,0.6744171999999999
2019-01-16,18.404363233565572,0.6491720999999999
2019-01-17,18.408057782364462,0.63865906
2019-01-18,18.40598876977024,0.6333866
2019-01-19,18.40288556237612,0.61499006
2019-01-20,18.40288556237612,0.64290875
2019-01-21,18.4059887697703,0.7587624
2019-01-22,18.404215462632536,1.1860205
2019-01-23,18.40288556237612,0.9114121
2019-01-24,18.40347662068105,0.74254787
2019-01-25,18.403919923309232,0.6815066
2019-01-26,18.40781353689098,0.65166354
2019-01-27,18.403772154918933,0.7078186
2019-01-28,18.403624387376205,1.2653729
2019-01-29,18.403919923309218,1.9148234
2019-01-30,18.40347662068105,1.0740731
2019-01-31,18.403707908057168,1.2148226
2019-02-01,18.4041114761878,3.1514652
2019-02-02,18.403624387376205,3.402282
2019-02-03,18.40318108983346,1.1807507
2019-02-04,18.40347662068105,0.7641880999999999
2019-02-05,18.40288556237612,0.60603416
2019-02-06,18.40288556237612,0.57806635
2019-02-07,18.40288556237612,0.53303653
2019-02-08,18.403033325681,0.5530122
2019-02-09,18.403772154918922,0.54030675
2019-02-10,18.40288556237612,0.5407927
2019-02-11,18.40288556237612,0.5068912999999999
2019-02-12,18.40288556237612,0.48849744
2019-02-13,18.40318108983346,0.4991879
2019-02-14,18.40288556237627,0.5500286
2019-02-15,18.402885562376206,0.5346681
2019-02-16,18.403033325681,0.47651818
2019-02-17,18.40229451763207,0.4599146
2019-02-18,18.40288556237612,0.45221788
2019-02-19,18.40288556237612,0.436857
2019-02-20,18.40288556237612,0.42531425
2019-02-21,18.40288556237612,0.4090402
2019-02-22,18.40288556237612,0.39685503
2019-02-23,18.40243761143123,0.3971012
2019-02-24,18.40288556237612,0.3970141
2019-02-25,18.40288556237612,0.3733011
2019-02-26,18.40288556237612,0.35974157
2019-02-27,18.40288556237612,0.38126412
2019-02-28,18.40288556237612,0.3884742
2019-03-01,18.40288556237612,0.39334637
2019-03-02,18.402737799918775,0.37992668
2019-03-03,18.401555730771737,0.36777192
2019-03-04,18.401851242973283,0.36923426
2019-03-05,18.401555730771737,0.34077767
2019-03-06,18.402737799918775,0.32197547
2019-03-07,18.403624387376205,0.32796183
2019-03-08,18.402590038308986,0.33336613
2019-03-09,18.40096471653905,0.3596036
2019-03-10,18.40229451763207,0.39032456
2019-03-11,18.40288556237612,0.3530656
2019-03-12,18.402737799918775,0.34003353
2019-03-13,18.40229451763207,0.32548735
2019-03-14,18.40288556237612,0.30677152
2019-03-15,18.403624387376205,0.30892292
2019-03-16,18.40288556237612,0.29700297
2019-03-17,18.40288556237612,0.30500102
2019-03-18,18.40244227754676,0.2935886
2019-03-19,18.402590038308986,0.30298012
2019-03-20,18.401555730771754,0.30566067
2019-03-21,18.402442277546747,0.29613563
2019-03-22,18.402146758564935,0.29131982
2019-03-23,18.40288556237612,0.28455275
2019-03-24,18.403033325681,0.27772823
2019-03-25,18.40288556237612,0.40315536
2019-03-26,18.40288556237612,1.0119817
2019-03-27,18.40288556237612,1.4036224
2019-03-28,18.40288556237612,0.45759583
2019-03-29,18.402590038308986,0.27772176
2019-03-30,18.40288556237627,0.27740657
2019-04-02,18.40349350826055,0.28286576
2019-04-03,18.40229451763207,0.26235040000000004
2019-04-04,18.40288556237612,0.2235366
2019-04-05,18.40288556237612,0.21559986
2019-04-06,18.40111246882596,0.21425852
2019-04-07,18.4021763103106,0.19948581
2019-06-15,2.153832542860422,0.20106894
2019-06-16,2.5933639128333885,0.21442479
2019-06-17,2.6173129573774103,0.2932522
2019-06-18,2.620505817097524,0.45879945
2019-06-19,2.5942022090519297,0.2516694
2019-06-20,2.5719258750675364,0.18914464
2019-06-21,2.5357004757519905,0.19175942
2019-06-22,2.5012968361251438,0.2155542
2019-06-23,2.473810669923797,0.27615613
2019-06-24,2.4426628872186287,0.27447334
2019-06-25,2.424102334455585,0.27166936
2019-06-26,2.3816208014273004,0.5815522
2019-06-27,2.320969239318464,0.4643528
2019-06-28,2.2922120170689104,0.20776173
2019-06-29,2.2603718716939016,0.17809159
2019-06-30,2.222673641997985,0.17181377
2019-07-01,2.1800457909617954,0.17555675
2019-07-02,2.1074934530116782,0.22804482
2019-07-03,2.0513169123854933,0.19536963
2019-07-04,2.0942937304818066,0.1639695
2019-07-05,2.1514647477475717,0.1599297
2019-07-06,2.134800364320147,0.14515373
2019-07-07,2.127673233930744,0.12263843
2019-07-08,2.1167780041849245,0.12429554
2019-07-09,2.1424850079340314,0.12457593
2019-07-10,2.1565715731561164,0.1315463
2019-07-11,2.1387354860858245,0.17009951
2019-07-12,2.108121993032868,0.29567933
2019-07-13,2.0791872401638303,0.685918
2019-07-14,2.027711151279516,1.0163949
2019-07-15,1.9916272465441296,0.5959513000000001
2019-07-16,1.937446499507961,0.23795523
2019-07-17,1.8645594039662048,0.17236458
2019-07-18,1.8318296043233453,0.13518916
2019-07-19,1.786214293663423,0.11093129
2019-07-20,1.723522475554915,0.11232736
2019-07-21,1.6614637792871036,0.12991619
2019-07-22,1.6059812500340611,0.4705299
2019-07-23,1.5454052650590673,0.6080201999999999
2019-07-24,1.4814653901883101,0.5964891999999999
2019-07-25,1.418537897353526,0.41069618
2019-07-26,1.3568320867927448,0.35806337
2019-07-27,1.307673634024996,0.7285058000000001
2019-07-28,1.2741539309082677,0.8382433000000001
2019-07-29,1.2469454513092983,0.62803626
2019-07-30,1.2037522738038784,0.76874286
2019-07-31,1.1600788834757343,1.210975
2019-08-01,1.1852152195662649,1.4632499
2019-08-02,1.206028512025967,0.8045829000000001
2019-08-03,1.195893458236919,0.2643436
2019-08-04,1.1869867013775164,0.2842932
2019-08-05,1.1789572738832317,3.6339595
2019-08-06,1.1725782651122634,8.833352
2019-08-07,1.1622136680998263,3.7973285
2019-08-08,1.2169852119866484,5.96242
2019-08-09,1.2506644726063358,2.4053907000000003
2019-08-10,1.2510108304104222,1.3560851
2019-08-11,1.249647442727442,1.6800286
2019-08-12,1.2662311696180863,1.5012611
2019-08-13,1.2727287345597642,2.4480305
2019-08-14,1.2666898131243174,0.9869673
2019-08-15,1.2557367854480723,1.4379004
2019-08-16,1.264463227317444,1.6429261000000002
2019-08-17,1.263154777827729,1.4703541
2019-08-18,1.2521802938952329,1.1526281
2019-08-19,1.2394020799078789,1.2543665000000002
2019-08-20,1.2383916017908676,1.4036008999999998
2019-08-21,1.2386710368364329,1.548147
2019-08-22,1.233669527494589,4.0904107000000005
2019-08-23,1.2465998979713324,10.127574
2019-08-24,1.2598443683276903,3.3525684
2019-08-25,1.2584523676487855,3.3504992
2019-08-26,1.250989181040407,2.335336
2019-08-27,1.2406068226599145,1.2880635
2019-08-28,1.22874658108629,1.0217694
2019-08-29,1.2210905747152132,1.0166838
2019-08-30,1.2189215621752836,1.0076280999999998
2019-08-31,1.2127909739346114,1.0366509
2019-09-01,1.2045317502375257,0.41803005
2019-09-02,1.216988787098542,0.11267863
2019-09-03,1.2573873600174457,0.10174553
2019-09-04,1.3052842202738706,0.14475341
2019-09-05,1.3810748395406804,0.46325153
2019-09-06,1.5376142872514782,0.26569447
2019-09-07,1.5792536878717751,0.29648456
2019-09-08,2.1567313008424294,1.2064188999999998
2019-09-09,3.8585572197134295,3.001963
2019-09-10,6.956204299964912,1.2256261
2019-09-11,12.460615106338125,0.32507184
2019-09-12,15.189504681726207,2.886316
2019-09-13,15.672477262898052,7.5215163
2019-09-14,16.585560363378946,2.8747907
2019-09-15,17.37637630149743,1.0705239
2019-09-16,18.193036027214788,1.3756706
2019-09-17,19.157372993767293,1.7451338
2019-09-18,20.30297941860784,2.2346625
2019-09-19,21.77354246266533,8.726542
2019-09-20,22.920044305784806,91.51812
2019-09-21,25.175635225692282,210.62985
2019-09-22,27.23901845533,106.77938
2019-09-23,26.41432889043945,86.91923
2019-09-24,26.62649974736259,57.08368299999999
2019-09-25,39.00339994729382,16.369617
2019-09-26,46.147535599894645,1.9368807
2019-09-27,47.010692126941,1.2288656999999998
2019-09-28,48.32799644727125,3.6820068
2019-09-29,48.22646437446127,28.542639
2019-09-30,47.688990361411285,75.50007
2019-10-01,48.293252370229006,36.77998
2019-10-02,48.08507910741778,27.803108
2019-10-03,49.35532107669782,19.19344
2019-10-04,52.55215323672176,17.178051
2019-10-05,53.982944764165104,8.199069
2019-10-06,56.611483033652256,41.99334
2019-10-07,56.79636122762732,18.686876
2019-10-08,55.70494291321355,2.6386065
2019-10-09,53.473407293467034,5.8189235
2019-10-10,50.8960815807126,4.6193676
2019-10-11,48.123322999040425,2.1956656000000003
2019-10-12,45.448633063992816,7.1999526
2019-10-13,43.0961370584509,9.32331
2019-10-14,41.04723787928669,13.926932
2019-10-15,39.200354660635405,7.858789999999999
2019-10-16,37.37094702417607,7.2475605
2019-10-17,35.653338371901064,12.579629
2019-10-18,34.051094857814476,3.2303429
2019-10-19,32.592669595228315,1.8939173
2019-10-20,31.313143782039752,5.5137540000000005
2019-10-21,30.205900718486447,8.376482000000001
2019-10-22,29.19897573654909,50.088734
2019-10-23,28.22648879169867,62.35434300000001
2019-10-24,27.12187724605821,10.161953
2019-10-25,26.388131673417426,1.7080528999999998
2019-10-26,25.95146818381863,14.08445
2019-10-27,25.201706785944268,51.34431
2019-10-28,24.539705385882325,83.49445
2019-10-29,23.948491920992588,81.68351
2019-10-30,23.217851708637124,77.46753000000002
2019-10-31,22.23403745005877,67.0676
2019-11-01,21.30956237960262,79.03323
2019-11-02,20.674708200957454,66.03366
2019-11-03,20.264963028205973,35.83241
2019-11-04,19.819266071412198,32.07934
2019-11-05,19.291219333290137,21.022959
2019-11-06,18.722389916027748,22.18672
2019-11-07,18.088463013301293,37.553387
2019-11-08,17.50877586529467,49.02737800000001
2019-11-09,16.949169684739214,32.797123
2019-11-10,16.438281388402203,9.788469
2019-11-11,16.003922210329122,7.8230667
2019-11-12,15.665627512688653,6.685165
2019-11-13,15.351416666315865,9.267981
2019-11-14,15.121461038280986,4.002356
2019-11-15,14.908591173037289,2.2919824
2019-11-16,14.79183559498084,10.296472
2019-11-17,15.033163939826965,59.40561
2019-11-18,15.267333163522572,83.60868
2019-11-19,15.493640430298784,33.31427
2019-11-20,15.614979531252565,32.098667
2019-11-21,15.64667013517807,8.143773
2019-11-22,15.566275792016954,19.3459
2019-11-23,15.372456635015723,56.47055400000001
2019-11-24,15.032908172217061,54.71433
2019-11-25,14.830807923969019,17.573420000000002
2019-11-26,14.44387224791907,2.1310034
2019-11-27,14.165183250437574,0.5518201
2019-11-28,13.833152779835697,0.64072704
2019-11-29,13.570443855083195,0.5588069999999999
2019-11-30,13.48564418276788,2.3692951
2019-12-01,13.358038787161338,9.905542
2019-12-02,13.116088969670722,13.874213
2019-12-03,12.839541690029602,5.822992
2019-12-04,12.576414213604155,4.560185
2019-12-05,12.334362302301926,16.538632999999994
2019-12-06,12.139947799561135,61.07939
2019-12-07,11.918021568675465,118.51406
2019-12-08,11.436114124138285,85.83668
2019-12-09,11.237914710940863,14.161285
2019-12-10,11.029875756822914,4.0807557
2019-12-11,10.776435830937054,7.723611
2019-12-12,10.58718985788547,34.433483
2019-12-13,10.343138666861597,121.871346
2019-12-14,10.123288518338766,220.51065
2019-12-15,9.98262998007396,95.92141
2019-12-16,9.849819710822619,21.65714
2019-12-17,9.68423334396206,21.888536
2019-12-18,9.489583739759164,64.98025
2019-12-19,9.277256489946119,96.304855
2019-12-20,9.063444028456717,46.376488
2019-12-21,8.896617448435386,31.490442
2019-12-22,8.728353127918826,11.320415
2019-12-23,8.518571204365346,11.52958
2019-12-24,8.329346270393179,52.19538
2019-12-25,8.032516604416822,95.22111
2019-12-26,7.63605869226411,45.22954
2019-12-27,7.289327637417803,22.231806
2019-12-28,7.003515730366668,31.403662
2019-12-29,6.8152765254199945,46.222996
2019-12-30,6.605060411932562,46.216198
2019-12-31,6.513205221151758,88.40754
