discharge,datetime
3753.4652416529134,2013-01-01
3677.2455047822655,2013-01-02
3670.351733358466,2013-01-03
3629.112764250171,2013-01-04
3526.943944053865,2013-01-05
3439.472772950887,2013-01-06
3399.438844698634,2013-01-07
3458.49,2013-01-08
3412.7597881022707,2013-01-09
3432.785642081499,2013-01-10
3406.09635311501,2013-01-11
3339.788137119726,2013-01-12
3287.168982425862,2013-01-13
3280.6183318593903,2013-01-14
3300.2881191159754,2013-01-15
3287.168982425862,2013-01-16
3261.002064076768,2013-01-17
3343.4125000000004,2013-01-18
3247.954299514812,2013-01-19
3320.0113970865045,2013-01-20
3333.189951976941,2013-01-21
3300.2881191159754,2013-01-22
3261.002064076768,2013-01-23
3215.4390662467317,2013-01-24
3208.953887319076,2013-01-25
3228.427295064461,2013-01-26
3247.954299514812,2013-01-27
3293.7255785331167,2013-01-28
3287.168982425862,2013-01-29
3228.427295064461,2013-01-30
3150.8555365304373,2013-01-31
3093.24061283325,2013-02-01
3042.4338362056947,2013-02-02
2979.464267780284,2013-02-03
3023.48005056291,2013-02-04
3118.7875120514545,2013-02-05
3033.8025000000002,2013-02-06
2966.9422977220656,2013-02-07
2948.2043499024853,2013-02-08
2998.2922074153153,2013-02-09
3036.109919116527,2013-02-10
3048.7637403422605,2013-02-11
3080.5030276303332,2013-02-12
3157.287050491688,2013-02-13
3157.287050491688,2013-02-14
3163.724531584982,2013-02-15
3183.0727667363776,2013-02-16
3202.474666820546,2013-02-17
3202.474666820546,2013-02-18
3393.5075,2013-02-19
3241.4393446376557,2013-02-20
3215.4390662467317,2013-02-21
3138.010414382278,2013-02-22
3093.24061283325,2013-02-23
3067.789363855934,2013-02-24
3004.580178642671,2013-02-25
2849.181993990846,2013-02-26
2781.9981778249976,2013-02-27
2739.624972811954,2013-02-28
2697.5479120041014,2013-03-01
2655.7674078504683,2013-03-02
2667.674409657839,2013-03-03
2890.1900000000005,2013-03-04
2794.159144406402,2013-03-05
2843.044238502114,2013-03-06
2861.4755712455662,2013-03-07
2849.181993990846,2013-03-08
2824.6671186106005,2013-03-09
2910.8905934203312,2013-03-10
2929.5204381688495,2013-03-11
2910.8905934203312,2013-03-12
2873.7932291022544,2013-03-13
2892.314846681299,2013-03-14
2867.631390680447,2013-03-15
2929.5204381688495,2013-03-16
2985.7342508526613,2013-03-17
3004.580178642671,2013-03-18
3250.055,2013-03-19
3118.7875120514545,2013-03-20
3125.1891739111156,2013-03-21
3093.24061283325,2013-03-22
3061.4415052839504,2013-03-23
3067.789363855934,2013-03-24
3086.8688306084036,2013-03-25
3125.1891739111156,2013-03-26
3163.724531584982,2013-03-27
3131.5968083880207,2013-03-28
3099.618373196342,2013-03-29
3112.391823910362,2013-03-30
3106.0021105905907,2013-03-31
3125.1891739111156,2013-04-01
3118.7875120514545,2013-04-02
2985.7342508526613,2013-04-03
2849.181993990846,2013-04-04
2667.674409657839,2013-04-05
2578.9632498465817,2013-04-06
2673.6369985200954,2013-04-07
2881.2174999999997,2013-04-08
2763.8019965516605,2013-04-09
2812.4458392107367,2013-04-10
2769.8613529146724,2013-04-11
2709.539686607841,2013-04-12
2715.544649147283,2013-04-13
2679.6056443993666,2013-04-14
2655.7674078504683,2013-04-15
2602.4860443390753,2013-04-16
2561.384954828805,2013-04-17
2538.0323599058424,2013-04-18
2451.327963258108,2013-04-19
2399.964334843715,2013-04-20
2468.559099807793,2013-04-21
2758.5525000000002,2013-04-22
2655.7674078504683,2013-04-23
2721.555660239022,2013-04-24
2898.50074945077,2013-04-25
3106.0021105905907,2013-04-26
3339.788137119726,2013-04-27
3547.2714732951345,2013-04-28
3520.179915656132,2013-04-29
3499.9232887894027,2013-04-30
3466.280499850867,2013-05-01
3372.868097615911,2013-05-02
3287.168982425862,2013-05-03
3280.6183318593903,2013-05-04
3287.168982425862,2013-05-05
3399.438844698634,2013-05-06
3649.7057443770327,2013-05-07
3760.4295785654153,2013-05-08
3893.86694281327,2013-05-09
3908.0360648973237,2013-05-10
3964.9466275842537,2013-05-11
4312.045,2013-05-12
4015.0503101181594,2013-05-13
4233.017376456184,2013-05-14
4486.368808572139,2013-05-15
4607.90776720328,2013-05-16
4638.523352757907,2013-05-17
4684.619641751608,2013-05-18
4792.983611990081,2013-05-19
4863.241156121183,2013-05-20
5409.0525,2013-05-21
4957.640991340885,2013-05-22
4785.205943559853,2013-05-23
4592.634577136968,2013-05-24
4600.268287894269,2013-05-25
4692.322518528009,2013-05-26
4700.031153588275,2013-05-27
4700.031153588275,2013-05-28
4831.958146949832,2013-05-29
5156.95575127744,2013-05-30
5516.4093519613125,2013-05-31
5425.513336756754,2013-06-01
5278.25829846129,2013-06-02
5270.131548659825,2013-06-03
6045.84,2013-06-04
5441.9887627415865,2013-06-05
5245.785493229486,2013-06-06
5245.785493229486,2013-06-07
5294.528890313251,2013-06-08
5343.477347171825,2013-06-09
5253.895145253295,2013-06-10
5124.825259149696,2013-06-11
5068.816872264705,2013-06-12
5310.822266576434,2013-06-13
5557.95278869662,2013-06-14
6067.506123768429,2013-06-15
6597.31639886139,2013-06-16
6814.878143261596,2013-06-17
7007.8760039693525,2013-06-18
6961.7017307624255,2013-06-19
6751.0909078689865,2013-06-20
6760.186656529051,2013-06-21
7202.1175,2013-06-22
6814.878143261596,2013-06-23
7137.902428947538,2013-06-24
9417.806920515553,2013-06-25
12869.477403595723,2013-06-26
12967.210165324328,2013-06-27
12857.284468642827,2013-06-28
13560.661931829602,2013-06-29
13937.6963875139,2013-06-30
13699.0625,2013-07-01
13089.849068283469,2013-07-02
12590.371306591634,2013-07-03
11898.92862235244,2013-07-04
11328.658950588298,2013-07-05
10850.019933303445,2013-07-06
10827.462277772442,2013-07-07
10940.464124250588,2013-07-08
10658.961143491559,2013-07-09
10791.6775,2013-07-10
10116.920013212513,2013-07-11
9921.040114564117,2013-07-12
9705.441602292429,2013-07-13
9641.182587675032,2013-07-14
10116.920013212513,2013-07-15
13765.6825,2013-07-16
12650.80961857028,2013-07-17
13386.323945305641,2013-07-18
13436.030045045367,2013-07-19
15585.728070276988,2013-07-20
23894.74,2013-07-21
22576.93311388062,2013-07-22
23386.675851514912,2013-07-23
23836.755290938272,2013-07-24
25045.010550243336,2013-07-25
26500.20869710001,2013-07-26
26061.405301306197,2013-07-27
25359.619267824615,2013-07-28
26095.041018487987,2013-07-29
28114.410867582843,2013-07-30
30526.46266767136,2013-07-31
33309.96201995145,2013-08-01
34752.62775014882,2013-08-02
36223.07339980892,2013-08-03
36870.18013833093,2013-08-04
37047.568317039746,2013-08-05
36144.99063314088,2013-08-06
36028.010264120654,2013-08-07
35484.38460716284,2013-08-08
34255.952724901144,2013-08-09
32841.490897558775,2013-08-10
32357.48594741785,2013-08-11
32766.815791352863,2013-08-12
34084.78501816717,2013-08-13
35581.1847371012,2013-08-14
36125.48192225284,2013-08-15
35445.69815703833,2013-08-16
33819.29988813033,2013-08-17
31932.055197007816,2013-08-18
30273.99653240654,2013-08-19
28673.820530234505,2013-08-20
26976.49177058427,2013-08-21
25559.239913188037,2013-08-22
25177.259550578307,2013-08-23
26263.515659703564,2013-08-24
28358.53546170767,2013-08-25
30346.032354319086,2013-08-26
32822.81486934989,2013-08-27
34294.04297229792,2013-08-28
35059.8901807446,2013-08-29
35021.415077206686,2013-08-30
33876.11003022269,2013-08-31
31913.616340735683,2013-09-01
30112.200826566885,2013-09-02
29132.030898220837,2013-09-03
28480.957826238948,2013-09-04
27542.777211522374,2013-09-05
26568.012727918926,2013-09-06
26095.041018487987,2013-09-07
26111.8662797477,2013-09-08
25893.522896627586,2013-09-09
26128.69647573855,2013-09-10
25843.25446209904,2013-09-11
25376.227116084752,2013-09-12
25492.62056558757,2013-09-13
26162.371670770237,2013-09-14
27353.42066063136,2013-09-15
28796.859647200865,2013-09-16
32785.47731599953,2013-09-17
36516.56645864245,2013-09-18
39917.929520303354,2013-09-19
42506.57190493689,2013-09-20
45104.2555586658,2013-09-21
46538.73037165991,2013-09-22
47263.6240747831,2013-09-23
47927.039579363474,2013-09-24
48639.317768481604,2013-09-25
48728.68864507954,2013-09-26
48885.26729439919,2013-09-27
48438.50629314877,2013-09-28
47197.51401534879,2013-09-29
45515.1152877784,2013-09-30
43286.98409911343,2013-10-01
40985.81353481066,2013-10-02
38903.23000321263,2013-10-03
37225.343831887636,2013-10-04
37383.69154806455,2013-10-05
37423.326262117684,2013-10-06
36791.46532162433,2013-10-07
34790.96824094143,2013-10-08
32841.490897558775,2013-10-09
29825.538515662094,2013-10-10
27267.546045455274,2013-10-11
25293.237354888228,2013-10-12
23691.661186925045,2013-10-13
22466.805964390052,2013-10-14
20647.352869265833,2013-10-15
20031.57065287761,2013-10-16
24111.921305629923,2013-10-17
27611.781491945785,2013-10-18
28131.816484108553,2013-10-19
27456.632363158806,2013-10-20
26398.65050209307,2013-10-21
25061.52434190013,2013-10-22
23099.401976096797,2013-10-23
21317.61659250817,2013-10-24
19778.736499785136,2013-10-25
18507.746310143193,2013-10-26
17625.479905659464,2013-10-27
16817.923043654835,2013-10-28
15973.77264929384,2013-10-29
15202.030719196111,2013-10-30
14628.192709354616,2013-10-31
14447.716877408437,2013-11-01
14641.122843589144,2013-11-02
14874.753760492897,2013-11-03
15110.066514671387,2013-11-04
14966.06455907272,2013-11-05
14602.348037270292,2013-11-06
14255.481916505963,2013-11-07
13748.591039860548,2013-11-08
13660.744324638154,2013-11-09
15228.35283856904,2013-11-10
15665.656805653016,2013-11-11
15466.183908497138,2013-11-12
14900.816611963763,2013-11-13
14357.861418304647,2013-11-14
13673.27816660927,2013-11-15
13053.002243184046,2013-11-16
12675.021815469161,2013-11-17
13635.692333350524,2013-11-18
13937.6963875139,2013-11-19
13028.463953323962,2013-11-20
12409.846987301924,2013-11-21
11840.154329833571,2013-11-22
11386.265539699183,2013-11-23
10929.139918342618,2013-11-24
10513.900240382298,2013-11-25
10182.600385637897,2013-11-26
9598.45118225681,2013-11-27
8998.932256653201,2013-11-28
9123.683906182045,2013-11-29
9071.609075355624,2013-11-30
8874.962643199762,2013-12-01
8680.279181733931,2013-12-02
8649.71938527293,2013-12-03
8507.755823526853,2013-12-04
8316.802468099022,2013-12-05
8217.093513989397,2013-12-06
7940.823251713296,2013-12-07
7775.187668574636,2013-12-08
7563.19682265677,2013-12-09
7334.979347650967,2013-12-10
7109.948067898744,2013-12-11
6897.2911862455,2013-12-12
6824.0128839010595,2013-12-13
6714.763649751794,2013-12-14
6588.321067568339,2013-12-15
6480.812935782378,2013-12-16
6445.155824570732,2013-12-17
6409.588253603952,2013-12-18
6163.126147101419,2013-12-19
6224.329299260966,2013-12-20
6241.866449360559,2013-12-21
6294.612574961116,2013-12-22
6347.560594758919,2013-12-23
6409.588253603952,2013-12-24
6814.878143261596,2013-12-25
7833.465854234663,2013-12-26
8947.183156121306,2013-12-27
9175.894339082939,2013-12-28
8844.092547167676,2013-12-29
8246.948735922713,2013-12-30
7601.542219443555,2013-12-31
7054.189134737505,2014-01-01
6561.36858775377,2014-01-02
6233.09506774823,2014-01-03
5955.378488099516,2014-01-04
5691.844094139815,2014-01-05
5475.0077931279575,2014-01-06
5409.060645170056,2014-01-07
5286.390745942001,2014-01-08
5132.849314970479,2014-01-09
5068.816872264705,2014-01-10
5068.816872264705,2014-01-11
5044.899038636069,2014-01-12
4989.291029406803,2014-01-13
4933.963623617288,2014-01-14
4847.58816862896,2014-01-15
4746.4038403813365,2014-01-16
4630.860807839048,2014-01-17
4531.772662512557,2014-01-18
4539.360193765248,2014-01-19
4554.552581810757,2014-01-20
4539.360193765248,2014-01-21
4411.1583381114715,2014-01-22
4336.526905077968,2014-01-23
4306.836661183977,2014-01-24
4336.526905077968,2014-01-25
4388.7080690023695,2014-01-26
4343.9639664325705,2014-01-27
4321.670181035766,2014-01-28
4292.026352697582,2014-01-29
4196.325622675338,2014-01-30
4159.779279454006,2014-01-31
4152.4874701343515,2014-02-01
4159.779279454006,2014-02-02
4196.325622675338,2014-02-03
4247.734767416358,2014-02-04
4255.1021784327895,2014-02-05
4255.1021784327895,2014-02-06
4189.004717534123,2014-02-07
4087.1232829953246,2014-02-08
4000.705760331999,2014-02-09
3972.0867655950387,2014-02-10
4015.0503101181594,2014-02-11
4007.8751149745653,2014-02-12
3950.6838909870935,2014-02-13
3929.3336488706454,2014-02-14
3844.459519683879,2014-02-15
3697.9621304387624,2014-02-16
3574.457510447083,2014-02-17
3486.448429710543,2014-02-18
3452.864797784488,2014-02-19
3432.785642081499,2014-02-20
3392.787263895867,2014-02-21
3432.785642081499,2014-02-22
3486.448429710543,2014-02-23
3513.4217962985153,2014-02-24
3499.9232887894027,2014-02-25
3479.7198708954406,2014-02-26
3439.472772950887,2014-02-27
3459.569689679969,2014-02-28
3581.2687745538556,2014-03-01
3718.7317023775245,2014-03-02
3837.4247582905905,2014-03-03
3943.561294295403,2014-03-04
3986.3845763124186,2014-03-05
3979.232748819306,2014-03-06
3964.9466275842537,2014-03-07
3986.3845763124186,2014-03-08
3979.232748819306,2014-03-09
4022.2313448235104,2014-03-10
4051.0138605141246,2014-03-11
4087.1232829953246,2014-03-12
4079.889734326637,2014-03-13
4065.440131386825,2014-03-14
4094.362661891217,2014-03-15
4087.1232829953246,2014-03-16
4101.607870086638,2014-03-17
4152.4874701343515,2014-03-18
4094.362661891217,2014-03-19
4029.418218152399,2014-03-20
4015.0503101181594,2014-03-21
4196.325622675338,2014-03-22
4145.201482730087,2014-03-23
4072.662016813883,2014-03-24
4022.2313448235104,2014-03-25
3943.561294295403,2014-03-26
3865.5989744298345,2014-03-27
3844.459519683879,2014-03-28
3915.1294070632325,2014-03-29
3936.444546606566,2014-03-30
4036.6109291676817,2014-03-31
4051.0138605141246,2014-04-01
4072.662016813883,2014-04-02
4087.1232829953246,2014-04-03
4036.6109291676817,2014-04-04
4101.607870086638,2014-04-05
4368.966,2014-04-06
4108.858906654949,2014-04-07
4137.921318160622,2014-04-08
4123.378461208872,2014-04-09
4072.662016813883,2014-04-10
4101.607870086638,2014-04-11
4130.646977346394,2014-04-12
4072.662016813883,2014-04-13
3957.8123357326735,2014-04-14
4203.652344236914,2014-04-15
4240.373166455404,2014-04-16
4284.629904962878,2014-04-17
4336.526905077968,2014-04-18
4532.6675,2014-04-19
4247.734767416358,2014-04-20
4079.889734326637,2014-04-21
4174.380360166968,2014-04-22
4152.4874701343515,2014-04-23
4123.378461208872,2014-04-24
4225.667398325963,2014-04-25
4269.854427012011,2014-04-26
4225.667398325963,2014-04-27
4116.115770670546,2014-04-28
4036.6109291676817,2014-04-29
4000.705760331999,2014-04-30
3886.791164807296,2014-05-01
3879.7212434353164,2014-05-02
3922.2286020387864,2014-05-03
4065.440131386825,2014-05-04
4554.552581810757,2014-05-05
4901.797500000001,2014-05-06
4531.772662512557,2014-05-07
4524.1909075980475,2014-05-08
4493.9216687308435,2014-05-09
4493.9216687308435,2014-05-10
4539.360193765248,2014-05-11
4585.006635792882,2014-05-12
4600.268287894269,2014-05-13
4700.031153588275,2014-05-14
4600.268287894271,2014-05-15
4471.280433842006,2014-05-16
4388.7080690023695,2014-05-17
4358.855483341476,2014-05-18
4623.204028034912,2014-05-19
5566.322249999999,2014-05-20
5181.113574017401,2014-05-21
5044.899038636069,2014-05-22
4926.082631296945,2014-05-23
4723.191599978203,2014-05-24
4569.768064794943,2014-05-25
4600.268287894271,2014-05-26
4684.619641751608,2014-05-27
4700.031153588275,2014-05-28
4569.768064794943,2014-05-29
4638.523352757907,2014-05-30
4707.745546082558,2014-05-31
4933.963623617288,2014-06-01
5173.055258167789,2014-06-02
5684.63375,2014-06-03
5173.055258167789,2014-06-04
5116.806916141691,2014-06-05
5197.2473265312965,2014-06-06
5245.785493229486,2014-06-07
5270.131548659825,2014-06-08
5229.583292499782,2014-06-09
5894.7297499999995,2014-06-10
5302.672730787115,2014-06-11
5725.5434077864875,2014-06-12
6615.323814367775,2014-06-13
7334.979347650967,2014-06-14
8366.862085906561,2014-06-15
8895.569896064775,2014-06-16
10803.56625,2014-06-17
9726.904431700572,2014-06-18
10182.600385637897,2014-06-19
10525.026653524277,2014-06-20
10502.779182590431,2014-06-21
10569.585849412368,2014-06-22
11887.163169784628,2014-06-23
15466.183908497138,2014-06-24
17952.1985,2014-06-25
17303.180136785075,2014-06-26
17456.985812295196,2014-06-27
17555.184532554365,2014-06-28
18021.49456039442,2014-06-29
20285.86534551692,2014-06-30
23194.98040410457,2014-07-01
24111.921305629923,2014-07-02
19411.43725,2014-07-03
19468.430898342558,2014-07-04
16942.103423475764,2014-07-05
15492.713079225103,2014-07-06
15360.274164826795,2014-07-07
16108.587358016384,2014-07-08
16900.663775810608,2014-07-09
22214.856,2014-07-10
21579.189406776295,2014-07-11
22262.934444092207,2014-07-12
22782.10484251307,2014-07-13
21764.702625043275,2014-07-14
20874.757072145458,2014-07-15
23530.576,2014-07-16
22797.922261359327,2014-07-17
24290.735409564746,2014-07-18
24896.609358016023,2014-07-19
25625.93836850183,2014-07-20
28253.793034346018,2014-07-21
34937.73575,2014-07-22
33592.49330147256,2014-07-23
35658.7112302935,2014-07-24
36673.536648493086,2014-07-25
36634.26537866379,2014-07-26
35387.704489719625,2014-07-27
33951.924373093076,2014-07-28
34179.83002081687,2014-07-29
36008.53031338609,2014-07-30
39267.15211624054,2014-07-31
41649.34366214202,2014-08-01
43924.490279942605,2014-08-02
46582.51816435405,2014-08-03
48327.10773446859,2014-08-04
52321.19425,2014-08-05
49244.01945296466,2014-08-06
49311.41834804703,2014-08-07
48862.8849218527,2014-08-08
48015.81282403833,2014-08-09
46516.84350249569,2014-08-10
44458.98329339276,2014-08-11
42464.57157109589,2014-08-12
37244.95275,2014-08-13
38440.463381775226,2014-08-14
36320.78466772625,2014-08-15
34198.853472397306,2014-08-16
32209.219450110857,2014-08-17
30798.02041411126,2014-08-18
29344.626991601373,2014-08-19
27542.777211522374,2014-08-20
25642.625340737628,2014-08-21
22944.977250000004,2014-08-22
23595.155784186136,2014-08-23
23306.715500019072,2014-08-24
23386.675851514912,2014-08-25
24339.607214447275,2014-08-26
24913.07855960657,2014-08-27
23549.5475,2014-08-28
23982.25239817951,2014-08-29
23885.209559453193,2014-08-30
24079.474251453306,2014-08-31
24748.609595663154,2014-09-01
27250.385867964033,2014-09-02
29457.0865,2014-09-03
28884.89148088397,2014-09-04
28814.456232028453,2014-09-05
29664.839455795336,2014-09-06
29415.64864149842,2014-09-07
29397.885905136747,2014-09-08
29362.37507992291,2014-09-09
28796.859647200865,2014-09-10
28341.06614329023,2014-09-11
28867.275332775254,2014-09-12
28592.6725,2014-09-13
29167.414728838972,2014-09-14
28691.382868972123,2014-09-15
29043.656838427287,2014-09-16
28867.275332775254,2014-09-17
27625.08575,2014-09-18
28271.23785747686,2014-09-19
26891.158126956478,2014-09-20
25742.850962500408,2014-09-21
25709.42265463031,2014-09-22
25843.25446209904,2014-09-23
26297.269783020623,2014-09-24
26483.270009149688,2014-09-25
27027.751002575187,2014-09-26
28027.456321195503,2014-09-27
28274.4755,2014-09-28
28955.404972131513,2014-09-29
28937.76926503383,2014-09-30
28708.95010081567,2014-10-01
29344.626991601373,2014-10-02
28010.080121078132,2014-10-03
26111.8662797477,2014-10-04
24486.49076175008,2014-10-05
24497.16125,2014-10-06
24699.365585368494,2014-10-07
23998.443610586484,2014-10-08
22545.443210820686,2014-10-09
21133.85131405609,2014-10-10
19867.805204464235,2014-10-11
18623.01410151751,2014-10-12
17597.34641709004,2014-10-13
14878.990250000003,2014-10-14
15426.428948522438,2014-10-15
14589.433500247173,2014-10-16
12576.05675,2014-10-17
12893.879049695319,2014-10-18
12326.008471280049,2014-10-19
12159.107658203675,2014-10-20
12087.895812120329,2014-10-21
11793.230265055161,2014-10-22
11317.15358941179,2014-10-23
11259.706593490531,2014-10-24
11758.092868388283,2014-10-25
11887.163169784628,2014-10-26
11875.403013777268,2014-10-27
12675.021815469161,2014-10-28
11895.38825,2014-10-29
12314.052654031551,2014-10-30
11594.749467889074,2014-10-31
11031.24983423962,2014-11-01
10793.665854858033,2014-11-02
10703.777176861728,2014-11-03
10580.739031672181,2014-11-04
10138.791980585058,2014-11-05
9737.643936092556,2014-11-06
9386.090704015767,2014-11-07
9030.046891092868,2014-11-08
8670.087133710906,2014-11-09
8437.175126622415,2014-11-10
8386.924202526721,2014-11-11
8217.093513989394,2014-11-12
8205.3215,2014-11-13
7970.217912950957,2014-11-14
7901.707264137795,2014-11-15
8137.38075,2014-11-16
7804.302007796631,2014-11-17
7891.942002392492,2014-11-18
7921.254271027021,2014-11-19
7649.5980220904985,2014-11-20
7325.539369676205,2014-11-21
7100.6410408470665,2014-11-22
6111.5285,2014-11-23
6570.347161328456,2014-11-24
6329.888831537657,2014-11-25
6067.506123768429,2014-11-26
5998.391865704522,2014-11-27
6108.33625,2014-11-28
5981.169611971621,2014-11-29
5929.638089821156,2014-11-30
5946.792718188255,2014-12-01
5998.391865704522,2014-12-02
6145.690090921211,2014-12-03
6050.193784391607,2014-12-04
6007.011441730796,2014-12-05
6180.584678585083,2014-12-06
6102.198317527318,2014-12-07
5946.792718188255,2014-12-08
5759.333219976177,2014-12-09
5708.682435646385,2014-12-10
5658.235327085907,2014-12-11
5733.2455,2014-12-12
5466.74451516178,2014-12-13
5359.839038952302,2014-12-14
5253.895145253292,2014-12-15
5245.785493229486,2014-12-16
5221.490745379802,2014-12-17
5148.914561836763,2014-12-18
5068.816872264705,2014-12-19
5036.937868130602,2014-12-20
4989.291029406803,2014-12-21
5213.483249999999,2014-12-22
4957.640991340885,2014-12-23
4894.616001932953,2014-12-24
4808.556189925114,2014-12-25
4816.351097753818,2014-12-26
4847.58816862896,2014-12-27
4831.958146949832,2014-12-28
4808.556189925114,2014-12-29
4754.152759682312,2014-12-30
4661.545569637414,2014-12-31
4562.157436868667,2015-01-01
4531.772662512557,2015-01-02
4516.614929891469,2015-01-03
4492.17725,2015-01-04
4336.526905077968,2015-01-05
4292.026352697582,2015-01-06
4292.026352697582,2015-01-07
4255.1021784327895,2015-01-08
4240.373166455404,2015-01-09
4255.1021784327895,2015-01-10
4233.017376456184,2015-01-11
4233.017376456184,2015-01-12
4210.984881306558,2015-01-13
4203.652344236914,2015-01-14
4137.921318160622,2015-01-15
4051.0138605141246,2015-01-16
3979.232748819308,2015-01-17
3886.791164807296,2015-01-18
3802.3389212141524,2015-01-19
3758.7895,2015-01-20
3718.7317023775245,2015-01-21
3684.1451620980683,2015-01-22
3691.050704313848,2015-01-23
3802.3389212141524,2015-01-24
3957.8123357326735,2015-01-25
4058.2240789762855,2015-01-26
4130.646977346394,2015-01-27
4130.646977346394,2015-01-28
3993.542247130814,2015-01-29
3879.7212434353164,2015-01-30
3802.3389212141524,2015-01-31
3725.666654254044,2015-02-01
3711.8026304585064,2015-02-02
3684.1451620980683,2015-02-03
3615.413573514,2015-02-04
3520.179915656132,2015-02-05
3472.997227265998,2015-02-06
3432.785642081499,2015-02-07
3346.392259319348,2015-02-08
3261.002064076768,2015-02-09
3345.8955,2015-02-10
3261.002064076768,2015-02-11
3208.953887319076,2015-02-12
3215.4390662467317,2015-02-13
3241.4393446376557,2015-02-14
3280.6183318593903,2015-02-15
3274.0736279002363,2015-02-16
3228.427295064461,2015-02-17
3163.724531584982,2015-02-18
3118.7875120514545,2015-02-19
3125.1891739111156,2015-02-20
3099.618373196342,2015-02-21
3086.8688306084036,2015-02-22
3080.5030276303332,2015-02-23
3093.24061283325,2015-02-24
3295.57125,2015-02-25
3215.4390662467317,2015-02-26
3287.168982425862,2015-02-27
3300.2881191159754,2015-02-28
3280.6183318593903,2015-03-01
3183.0727667363776,2015-03-02
3086.8688306084036,2015-03-03
3048.7637403422605,2015-03-04
3055.0996304074492,2015-03-05
3048.7637403422605,2015-03-06
3029.7919901950186,2015-03-07
3004.580178642671,2015-03-08
2960.690313008222,2015-03-09
2960.690313008222,2015-03-10
2923.304480947069,2015-03-11
2904.6926654150184,2015-03-12
2892.314846681299,2015-03-13
2879.9610853494028,2015-03-14
2951.439,2015-03-15
2929.5204381688495,2015-03-16
2904.6926654150184,2015-03-17
2941.9703737917384,2015-03-18
3010.874143661276,2015-03-19
3632.223,2015-03-20
3439.472772950887,2015-03-21
3663.4638488198684,2015-03-22
3830.395860266622,2015-03-23
3929.3336488706454,2015-03-24
3957.8123357326735,2015-03-25
3929.3336488706454,2015-03-26
3858.5466287173604,2015-03-27
3830.395860266622,2015-03-28
3837.4247582905905,2015-03-29
3851.5001434809406,2015-03-30
3908.0360648973237,2015-03-31
3879.7212434353164,2015-04-01
3893.86694281327,2015-04-02
3936.444546606566,2015-04-03
3993.542247130814,2015-04-04
4079.889734326637,2015-04-05
4495.2880000000005,2015-04-06
4137.921318160622,2015-04-07
4167.076909770667,2015-04-08
4196.325622675338,2015-04-09
4130.646977346394,2015-04-10
4087.1232829953246,2015-04-11
4022.2313448235104,2015-04-12
3986.3845763124186,2015-04-13
3929.3336488706454,2015-04-14
3872.6571796561743,2015-04-15
3915.1294070632325,2015-04-16
3950.6838909870935,2015-04-17
4043.809476933268,2015-04-18
4094.362661891217,2015-04-19
4058.2240789762855,2015-04-20
4051.0138605141246,2015-04-21
4759.855750000001,2015-04-22
4329.095642980889,2015-04-23
4284.629904962878,2015-04-24
4403.6691235286635,2015-04-25
4471.280433842006,2015-04-26
4233.017376456184,2015-04-27
4137.921318160622,2015-04-28
3979.232748819308,2015-04-29
3837.4247582905905,2015-04-30
3711.8026304585064,2015-05-01
3642.8355264651364,2015-05-02
3656.5818521608676,2015-05-03
3642.8355264651364,2015-05-04
3774.3758736073787,2015-05-05
3922.2286020387864,2015-05-06
4029.418218152399,2015-05-07
4744.3369999999995,2015-05-08
4351.406826151235,2015-05-09
4501.480309585797,2015-05-10
4600.268287894269,2015-05-11
4638.523352757907,2015-05-12
4653.8657345127285,2015-05-13
4569.768064794943,2015-05-14
4562.157436868667,2015-05-15
4411.1583381114715,2015-05-16
4152.4874701343515,2015-05-17
4087.1232829953246,2015-05-18
3900.9485764954916,2015-05-19
3788.345657090758,2015-05-20
3753.4652416529134,2015-05-21
3851.5001434809433,2015-05-22
4065.440131386825,2015-05-23
4539.54925,2015-05-24
4196.325622675338,2015-05-25
4159.779279454006,2015-05-26
4072.662016813883,2015-05-27
3936.444546606566,2015-05-28
3865.5989744298345,2015-05-29
3886.791164807296,2015-05-30
3872.6571796561743,2015-05-31
3858.5466287173604,2015-06-01
3858.5466287173604,2015-06-02
3915.1294070632357,2015-06-03
4079.889734326637,2015-06-04
4137.921318160622,2015-06-05
4101.607870086638,2015-06-06
4468.23625,2015-06-07
4123.378461208872,2015-06-08
4181.68962972656,2015-06-09
4079.889734326637,2015-06-10
3844.459519683879,2015-06-11
3663.4638488198684,2015-06-12
3677.2455047822655,2015-06-13
4430.0965,2015-06-14
3936.444546606566,2015-06-15
4058.2240789762855,2015-06-16
4255.1021784327895,2015-06-17
4381.23623083133,2015-06-18
4998.01425,2015-06-19
5092.786172042378,2015-06-20
5599.638007651211,2015-06-21
6050.193784391607,2015-06-22
6624.3358972125225,2015-06-23
7697.791592605342,2015-06-24
9207.285658872357,2015-06-25
10226.494723342608,2015-06-26
10095.069541505658,2015-06-27
9834.68175,2015-06-28
8947.183156121306,2015-06-29
8376.890411270339,2015-06-30
7672.6345,2015-07-01
7017.12752415407,2015-07-02
6525.510173126353,2015-07-03
6067.506123768429,2015-07-04
5624.717154855235,2015-07-05
5351.655347757789,2015-07-06
5140.879082800441,2015-07-07
5005.150411300591,2015-07-08
5189.177597071255,2015-07-09
6180.584678585083,2015-07-10
7486.770853938993,2015-07-11
10409.82425,2015-07-12
9061.210387578218,2015-07-13
9791.42233353942,2015-07-14
10525.026653524277,2015-07-15
10647.770505776467,2015-07-16
10491.663480658324,2015-07-17
10436.165326755778,2015-07-18
10040.537433217929,2015-07-19
11406.2755,2015-07-20
10458.348515122154,2015-07-21
12052.36127877436,2015-07-22
14242.707922687816,2015-07-23
15987.23091702234,2015-07-24
16928.285076623197,2015-07-25
17247.404396571936,2015-07-26
17718.0425,2015-07-27
16831.700333241817,2015-07-28
17038.975483329727,2015-07-29
18092.63261173152,2015-07-30
19645.47498491171,2015-07-31
20768.494061179576,2015-08-01
21950.93817611624,2015-08-02
23163.100974520297,2015-08-03
24584.63648994634,2015-08-04
27958.71225,2015-08-05
26959.41520014251,2015-08-06
27715.435207373957,2015-08-07
28271.23785747686,2015-08-08
28832.05770807909,2015-08-09
28973.045568306585,2015-08-10
29132.03089822085,2015-08-11
32680.153000000002,2015-08-12
30707.379571542177,2015-08-13
30490.337669471184,2015-08-14
28937.76926503383,2015-08-15
26805.94752582277,2015-08-16
24682.960833814173,2015-08-17
23051.680115160274,2015-08-18
20148.75775,2015-08-19
19867.805204464235,2015-08-20
18695.221810424035,2015-08-21
17738.218320696287,2015-08-22
16955.926900790524,2015-08-23
16942.103423475764,2015-08-24
16749.113611143675,2015-08-25
16611.879974853284,2015-08-26
21580.11825,2015-08-27
19808.405833480476,2015-08-28
20981.266801298927,2015-08-29
20166.01542460002,2015-08-30
19468.430898342558,2015-08-31
19838.095402615156,2015-09-01
22075.49623286213,2015-09-02
23995.94975,2015-09-03
26111.8662797477,2015-09-04
27353.42066063136,2015-09-05
27339.987,2015-09-06
27387.804907783688,2015-09-07
27061.948421658086,2015-09-08
26568.012727918926,2015-09-09
26754.88024014613,2015-09-10
26635.89559158324,2015-09-11
25994.19309630883,2015-09-12
25045.010550243336,2015-09-13
24502.835976525093,2015-09-14
24486.49076175008,2015-09-15
25177.259550578317,2015-09-16
26771.89774513183,2015-09-17
26976.49177058427,2015-09-18
23717.173,2015-09-19
24014.639795317613,2015-09-20
22137.89550679918,2015-09-21
20905.16325295013,2015-09-22
19749.08740425672,2015-09-23
18608.587819343207,2015-09-24
17445.536500000002,2015-09-25
17163.894460597538,2015-09-26
16366.154853428512,2015-09-27
16108.587358016379,2015-09-28
16298.193700097296,2015-09-29
16666.71177606878,2015-09-30
17219.547258356164,2015-10-01
17583.287342101554,2015-10-02
18421.509230326108,2015-10-03
18666.323468670802,2015-10-04
19660.261573987438,2015-10-05
20632.23289691175,2015-10-06
19505.08725,2015-10-07
19527.36455536628,2015-10-08
18378.45942742478,2015-10-09
18092.63261173152,2015-10-10
17879.601156665212,2015-10-11
17681.808226890687,2015-10-12
18064.162087944285,2015-10-13
19468.430898342558,2015-10-14
19793.568637032473,2015-10-15
18533.9015,2015-10-16
18550.933567817363,2015-10-17
17710.00305368636,2015-10-18
17066.699370840357,2015-10-19
16379.762524962034,2015-10-20
15745.771543172837,2015-10-21
14759.89625,2015-10-22
14563.620026307472,2015-10-23
13736.025822492413,2015-10-24
12893.879049695315,2015-10-25
12147.225799980508,2015-10-26
11351.685631043258,2015-10-27
9938.28325,2015-10-28
9748.388832896244,2015-10-29
9092.422730975006,2015-10-30
8609.049294973342,2015-10-31
8286.832325875524,2015-11-01
7862.679191287335,2015-11-02
7601.542219443555,2015-11-03
7473.009749999999,2015-11-04
7193.960851921059,2015-11-05
7222.064878752826,2015-11-06
7278.4224756995645,2015-11-07
7231.443967130728,2015-11-08
7363.332468398978,2015-11-09
7325.539369676205,2015-11-10
7100.6410408470665,2015-11-11
7068.5095,2015-11-12
6642.376809668075,2015-11-13
6462.973190425167,2015-11-14
6259.426049122189,2015-11-15
5972.566935721412,2015-11-16
5784.734939983604,2015-11-17
5852.961,2015-11-18
5491.55138517038,2015-11-19
5368.028419973549,2015-11-20
5148.914561836763,2015-11-21
5084.7906883375335,2015-11-22
4981.369927947486,2015-11-23
4918.207372143055,2015-11-24
4839.770286646204,2015-11-25
5259.1900000000005,2015-11-26
4816.351097753818,2015-11-27
4941.850348280052,2015-11-28
4918.207372143055,2015-11-29
4777.4340232733175,2015-11-30
4524.190907598045,2015-12-01
4448.691248859147,2015-12-02
4366.3099371117805,2015-12-03
4366.3099371117805,2015-12-04
4388.7080690023695,2015-12-05
4373.770186571595,2015-12-06
4314.250520137999,2015-12-07
4339.77475,2015-12-08
4065.440131386825,2015-12-09
3886.791164807296,2015-12-10
3739.554193940826,2015-12-11
3697.9621304387624,2015-12-12
3684.1451620980683,2015-12-13
3649.7057443770327,2015-12-14
3663.4638488198684,2015-12-15
3718.7317023775245,2015-12-16
3746.5067797846,2015-12-17
3788.3456570907556,2015-12-18
3837.4247582905905,2015-12-19
3795.3393545593253,2015-12-20
3691.050704313848,2015-12-21
3615.413573514,2015-12-22
3540.489723891389,2015-12-23
3619.1904999999997,2015-12-24
3379.501889308534,2015-12-25
3320.0113970865045,2015-12-26
3306.8566031105993,2015-12-27
3353.002317521301,2015-12-28
3386.141611750725,2015-12-29
3339.7881371197286,2015-12-30
3247.954299514812,2015-12-31
3176.617390797993,2016-01-01
3176.617390797993,2016-01-02
3183.0727667363776,2016-01-03
3234.9303427955188,2016-01-04
3306.8566031105993,2016-01-05
3353.002317521299,2016-01-06
3399.438844698634,2016-01-07
3432.785642081499,2016-01-08
3574.457510447083,2016-01-09
3594.909001475441,2016-01-10
3513.4217962985153,2016-01-11
3419.4291486189823,2016-01-12
3386.141611750725,2016-01-13
3326.5977049468142,2016-01-14
3280.6183318593903,2016-01-15
3221.930202521925,2016-01-16
3099.618373196342,2016-01-17
3080.5030276303332,2016-01-18
3150.8555365304373,2016-01-19
3170.1679787175417,2016-01-20
3131.5968083880207,2016-01-21
3080.5030276303332,2016-01-22
3017.1741013434234,2016-01-23
2973.2002830250044,2016-01-24
2935.742402832388,2016-01-25
2855.3257719607814,2016-01-26
2794.159144406402,2016-01-27
2794.159144406402,2016-01-28
2812.4458392107367,2016-01-29
2830.7867996416403,2016-01-30
2800.2486778644225,2016-01-31
2763.8019965516605,2016-02-01
2739.624972811954,2016-02-02
2794.159144406402,2016-02-03
2948.2043499024853,2016-02-04
3196.00140583411,2016-02-05
3412.7597881022707,2016-02-06
3581.2687745538556,2016-02-07
3774.3758736073787,2016-02-08
3979.232748819308,2016-02-09
4079.889734326637,2016-02-10
4065.440131386825,2016-02-11
3929.3336488706454,2016-02-12
3697.9621304387624,2016-02-13
3466.280499850867,2016-02-14
3287.168982425862,2016-02-15
3183.0727667363776,2016-02-16
3086.8688306084036,2016-02-17
2923.304480947069,2016-02-18
2794.159144406402,2016-02-19
2685.5803460812763,2016-02-20
2632.0261420639727,2016-02-21
2614.2838768905053,2016-02-22
2614.2838768905053,2016-02-23
2590.712498689756,2016-02-24
2549.696491519124,2016-02-25
2514.7771319333465,2016-02-26
2497.3996564975737,2016-02-27
2526.3925700228556,2016-02-28
2503.186055729945,2016-02-29
2468.5590998077914,2016-03-01
2405.6469574960447,2016-03-02
2382.9531687975505,2016-03-03
2343.4747102821766,2016-03-04
2309.8750546180254,2016-03-05
2293.1580609641946,2016-03-06
2265.419246873262,2016-03-07
2287.5980103696315,2016-03-08
2354.723643472926,2016-03-09
2561.384954828805,2016-03-10
2733.59582327128,2016-03-11
2910.8905934203312,2016-03-12
3048.7637403422605,2016-03-13
3157.287050491688,2016-03-14
3144.4299907954305,2016-03-15
3042.4338362056947,2016-03-16
2929.5204381688495,2016-03-17
2806.3442431922817,2016-03-18
2733.59582327128,2016-03-19
2697.5479120041014,2016-03-20
2649.822997342731,2016-03-21
2632.0261420639727,2016-03-22
2661.717879028689,2016-03-23
2685.5803460812763,2016-03-24
2727.5727186806075,2016-03-25
2763.8019965516605,2016-03-26
2788.0756439990932,2016-03-27
2867.631390680447,2016-03-28
3004.580178642671,2016-03-29
3157.287050491688,2016-03-30
3320.0113970865045,2016-03-31
3366.240237720789,2016-04-01
3366.240237720789,2016-04-02
3366.240237720789,2016-04-03
3432.785642081499,2016-04-04
3499.9232887894027,2016-04-05
3547.2714732951345,2016-04-06
3567.65214725596,2016-04-07
3533.7138804718325,2016-04-08
3419.4291486189823,2016-04-09
3346.392259319348,2016-04-10
3333.189951976941,2016-04-11
3366.240237720789,2016-04-12
3372.868097615911,2016-04-13
3412.7597881022707,2016-04-14
3426.10443362501,2016-04-15
3439.472772950887,2016-04-16
3452.864797784488,2016-04-17
3486.448429710543,2016-04-18
3526.943944053865,2016-04-19
3499.9232887894027,2016-04-20
3432.785642081499,2016-04-21
3399.438844698634,2016-04-22
3379.501889308534,2016-04-23
3379.501889308534,2016-04-24
3406.09635311501,2016-04-25
3426.10443362501,2016-04-26
3392.787263895867,2016-04-27
3306.8566031105993,2016-04-28
3280.6183318593903,2016-04-29
3138.010414382278,2016-04-30
2979.464267780284,2016-05-01
2855.3257719607814,2016-05-02
2818.553464742175,2016-05-03
2879.9610853494028,2016-05-04
2855.3257719607814,2016-05-05
2830.7867996416403,2016-05-06
2830.7867996416403,2016-05-07
2910.8905934203312,2016-05-08
2935.742402832388,2016-05-09
2941.9703737917384,2016-05-10
3061.4415052839504,2016-05-11
3157.287050491688,2016-05-12
3183.0727667363776,2016-05-13
3208.953887319076,2016-05-14
3254.4752063522897,2016-05-15
3306.8566031105993,2016-05-16
3320.0113970865045,2016-05-17
3346.392259319348,2016-05-18
3379.501889308534,2016-05-19
3379.501889308534,2016-05-20
3326.5977049468142,2016-05-21
3241.4393446376557,2016-05-22
3313.4310294544916,2016-05-23
3353.002317521301,2016-05-24
3513.4217962985153,2016-05-25
3642.8355264651364,2016-05-26
3844.459519683879,2016-05-27
4036.6109291676817,2016-05-28
4189.004717534123,2016-05-29
4509.044730263517,2016-05-30
4754.152759682312,2016-05-31
4730.9232596842785,2016-06-01
4592.634577136968,2016-06-02
4373.770186571595,2016-06-03
4314.250520137999,2016-06-04
4351.406826151235,2016-06-05
4388.7080690023695,2016-06-06
4343.9639664325705,2016-06-07
4292.026352697582,2016-06-08
4351.406826151235,2016-06-09
4366.3099371117805,2016-06-10
4381.23623083133,2016-06-11
4554.552581810757,2016-06-12
4981.369927947486,2016-06-13
5533.009706675641,2016-06-14
5861.245169990176,2016-06-15
5852.721446430004,2016-06-16
5708.682435646385,2016-06-17
5458.486916927152,2016-06-18
5245.785493229489,2016-06-19
5100.787371782424,2016-06-20
5237.6815420474595,2016-06-21
5475.0077931279575,2016-06-22
5869.774537807383,2016-06-23
6233.09506774823,2016-06-24
6356.404882642419,2016-06-25
6805.748970888415,2016-06-26
7156.566396369907,2016-06-27
9534.516066867442,2016-06-28
13324.309230537963,2016-06-29
16666.71177606878,2016-06-30
17149.99407138945,2016-07-01
15426.428948522438,2016-07-02
12699.255076708409,2016-07-03
10895.199322989582,2016-07-04
10204.536814987807,2016-07-05
11008.521403228144,2016-07-06
12893.879049695319,2016-07-07
15241.521668300236,2016-07-08
17386.997361976428,2016-07-09
18507.746310143193,2016-07-10
18767.556650291528,2016-07-11
19763.90942207949,2016-07-12
20481.310447919426,2016-07-13
19660.261573987438,2016-07-14
18579.75051743642,2016-07-15
17865.439891517555,2016-07-16
17317.136874624273,2016-07-17
17108.323654293556,2016-07-18
17275.28202370664,2016-07-19
17345.06571104647,2016-07-20
16068.088812915079,2016-07-21
14874.753760492897,2016-07-22
13861.913192392238,2016-07-23
12723.50939867055,2016-07-24
12254.352773769164,2016-07-25
12409.846987301924,2016-07-26
12493.944032578971,2016-07-27
13139.051678363521,2016-07-28
13361.502335454212,2016-07-29
12979.450414098095,2016-07-30
12182.887231581803,2016-07-31
11294.158827590989,2016-08-01
10940.464124250588,2016-08-02
12016.874355353219,2016-08-03
15413.187642424908,2016-08-04
18637.44547069972,2016-08-05
18782.038870094384,2016-08-06
17080.569005407615,2016-08-07
15110.066514671393,2016-08-08
14102.53801955556,2016-08-09
13824.092111310012,2016-08-10
14499.177361412294,2016-08-11
16366.154853428512,2016-08-12
18985.323514829724,2016-08-13
21072.7571368221,2016-08-14
22262.934444092207,2016-08-15
21795.69173653179,2016-08-16
21379.032531329096,2016-08-17
22309.906653285332,2016-08-18
22829.5720847072,2016-08-19
23852.901738832825,2016-08-20
25927.059879085195,2016-08-21
26805.94752582277,2016-08-22
27061.948421658097,2016-08-23
28236.353111087905,2016-08-24
29238.241018399523,2016-08-25
28726.522225495894,2016-08-26
27836.587868088303,2016-08-27
27164.658723531764,2016-08-28
26720.860002301823,2016-08-29
26196.066601297272,2016-08-30
25676.014113272293,2016-08-31
25492.62056558757,2016-09-01
24946.03182937974,2016-09-02
24095.69529328344,2016-09-03
23627.304335387424,2016-09-04
23434.711871463285,2016-09-05
23498.82965812218,2016-09-06
25309.82541052371,2016-09-07
27525.538418513304,2016-09-08
27940.62436025604,2016-09-09
27044.847252527597,2016-09-10
25910.28891877086,2016-09-11
25793.030481464488,2016-09-12
28638.710533154877,2016-09-13
32394.60098157999,2016-09-14
35969.58479467351,2016-09-15
37363.881357991915,2016-09-16
36262.143533758324,2016-09-17
34561.21390453879,2016-09-18
34027.81582946542,2016-09-19
33819.29988813033,2016-09-20
33876.110030222706,2016-09-21
33084.71907076895,2016-09-22
31509.18811393087,2016-09-23
30634.954435695632,2016-09-24
30094.24788186962,2016-09-25
28884.89148088398,2016-09-26
27905.9259074658,2016-09-27
27130.402284370914,2016-09-28
26568.012727918926,2016-09-29
26635.895591583256,2016-09-30
27061.948421658086,2016-10-01
27767.328331616893,2016-10-02
27250.385867964033,2016-10-03
25326.418414752654,2016-10-04
23083.489699280784,2016-10-05
21610.058090920164,2016-10-06
21610.058090920164,2016-10-07
22988.120833630568,2016-10-08
23756.097687743077,2016-10-09
24732.1899665891,2016-10-10
24732.1899665891,2016-10-11
23869.05316177206,2016-10-12
23035.782808474523,2016-10-13
22200.37491731102,2016-10-14
20481.31044791942,2016-10-15
19043.58769925983,2016-10-16
19365.49208136195,2016-10-17
21225.64345785821,2016-10-18
21103.294165164738,2016-10-19
19882.667691805826,2016-10-20
18450.234559455374,2016-10-21
17233.473266163113,2016-10-22
15960.319539250015,2016-10-23
15612.350309887635,2016-10-24
16762.865227661106,2016-10-25
17080.569005407615,2016-10-26
16189.723590028148,2016-10-27
15057.629569402208,2016-10-28
13950.34519710429,2016-10-29
13188.338273839829,2016-10-30
12445.856930658736,2016-10-31
11840.154329833571,2016-11-01
11536.664621791162,2016-11-02
11282.66942791974,2016-11-03
11374.733585730793,2016-11-04
12759.93036256671,2016-11-05
13635.692333350518,2016-11-06
14255.481916505963,2016-11-07
14077.120371458393,2016-11-08
13925.052799232952,2016-11-09
13660.744324638154,2016-11-10
13213.013057264492,2016-11-11
12505.978991458707,2016-11-12
11513.467855827548,2016-11-13
10771.161619009614,2016-11-14
10425.081770703999,2016-11-15
10513.900240382298,2016-11-16
10940.464124250588,2016-11-17
11282.66942791974,2016-11-18
11179.504355811607,2016-11-19
11042.622048396866,2016-11-20
11008.521403228144,2016-11-21
11202.392658841542,2016-11-22
11236.765048862675,2016-11-23
11271.185349723817,2016-11-24
11099.563085947304,2016-11-25
10872.598949706673,2016-11-26
10292.497280954798,2016-11-27
9812.97142444651,2016-11-28
9280.721733124752,2016-11-29
8659.900534698563,2016-11-30
8497.656487320228,2016-12-01
8197.217408543129,2016-12-02
7784.886946487121,2016-12-03
7563.19682265677,2016-12-04
7458.202201179339,2016-12-05
7448.690362649284,2016-12-06
7429.683257976186,2016-12-07
7231.443967130728,2016-12-08
7222.064878752826,2016-12-09
7017.127524154074,2016-12-10
6906.476011170892,2016-12-11
6860.607515717445,2016-12-12
6669.480035033121,2016-12-13
6651.405637913834,2016-12-14
6732.916130154454,2016-12-15
6878.938223813708,2016-12-16
7054.189134737505,2016-12-17
7448.6903626492885,2016-12-18
7429.683257976186,2016-12-19
6970.925472840783,2016-12-20
6660.440046595868,2016-12-21
6294.612574961116,2016-12-22
6093.51683151558,2016-12-23
5895.396499424946,2016-12-24
5784.734939983604,2016-12-25
5742.427004559539,2016-12-26
5717.110093262546,2016-12-27
5691.844094139815,2016-12-28
5508.117686892607,2016-12-29
5270.131548659825,2016-12-30
5132.849314970479,2016-12-31
5132.849314970479,2017-01-01
5140.879082800438,2017-01-02
5132.849314970479,2017-01-03
5060.838541514377,2017-01-04
4949.7428044620365,2017-01-05
4973.454553903896,2017-01-06
4973.454553903896,2017-01-07
5044.899038636069,2017-01-08
4981.369927947486,2017-01-09
4926.082631296945,2017-01-10
4902.474056634932,2017-01-11
4863.241156121183,2017-01-12
4800.767027724665,2017-01-13
4761.907430493031,2017-01-14
4715.4656951618945,2017-01-15
4692.322518528009,2017-01-16
4669.23116645424,2017-01-17
4676.922524109809,2017-01-18
4777.4340232733175,2017-01-19
4777.4340232733175,2017-01-20
4769.667851970684,2017-01-21
4730.9232596842785,2017-01-22
4700.031153588275,2017-01-23
4661.545569637414,2017-01-24
4607.90776720328,2017-01-25
4486.368808572139,2017-01-26
4277.239262767253,2017-01-27
4373.770186571595,2017-01-28
4329.095642980889,2017-01-29
4152.4874701343515,2017-01-30
3802.3389212141524,2017-01-31
3753.4652416529134,2017-02-01
3691.050704313848,2017-02-02
3711.8026304585064,2017-02-03
3802.3389212141524,2017-02-04
3872.6571796561743,2017-02-05
3943.561294295403,2017-02-06
3964.9466275842537,2017-02-07
3979.232748819306,2017-02-08
3936.444546606566,2017-02-09
3816.355658194427,2017-02-10
3629.1127642501738,2017-02-11
3526.943944053865,2017-02-12
3452.864797784488,2017-02-13
3426.10443362501,2017-02-14
3386.141611750725,2017-02-15
3333.189951976941,2017-02-16
3280.6183318593903,2017-02-17
3221.930202521925,2017-02-18
3202.474666820546,2017-02-19
3228.427295064461,2017-02-20
3267.534871616281,2017-02-21
3339.788137119726,2017-02-22
3399.438844698634,2017-02-23
3466.280499850867,2017-02-24
3608.5728199550936,2017-02-25
3691.050704313848,2017-02-26
3760.4295785654153,2017-02-27
3830.395860266622,2017-02-28
3900.9485764954898,2017-03-01
3986.3845763124186,2017-03-02
4065.440131386825,2017-03-03
4181.68962972656,2017-03-04
4292.026352697582,2017-03-05
4262.475398599428,2017-03-06
4233.017376456184,2017-03-07
4152.4874701343515,2017-03-08
4058.2240789762855,2017-03-09
4051.0138605141246,2017-03-10
4159.779279454009,2017-03-11
4247.734767416358,2017-03-12
4321.670181035766,2017-03-13
4381.23623083133,2017-03-14
4471.280433842006,2017-03-15
4524.190907598045,2017-03-16
4478.821729984081,2017-03-17
4531.772662512557,2017-03-18
4501.480309585797,2017-03-19
4314.250520137999,2017-03-20
4255.1021784327895,2017-03-21
4336.526905077968,2017-03-22
4366.3099371117805,2017-03-23
4418.65334306069,2017-03-24
4441.17309127316,2017-03-25
4441.17309127316,2017-03-26
4524.190907598045,2017-03-27
4623.204028034912,2017-03-28
4615.553014203394,2017-03-29
4569.768064794943,2017-03-30
4607.907767203282,2017-03-31
4715.4656951618945,2017-04-01
4738.660673433803,2017-04-02
4761.907430493031,2017-04-03
4669.23116645424,2017-04-04
4569.768064794943,2017-04-05
4577.38446472443,2017-04-06
4661.545569637414,2017-04-07
4638.523352757907,2017-04-08
4577.38446472443,2017-04-09
4569.768064794943,2017-04-10
4630.860807839048,2017-04-11
4692.322518528009,2017-04-12
4785.205943559853,2017-04-13
4863.241156121183,2017-04-14
4973.454553903896,2017-04-15
4824.151750374023,2017-04-16
4700.031153588275,2017-04-17
4630.860807839048,2017-04-18
4531.772662512557,2017-04-19
4343.9639664325705,2017-04-20
4189.004717534123,2017-04-21
4269.854427012011,2017-04-22
4426.154137492472,2017-04-23
4524.1909075980475,2017-04-24
4493.921668730846,2017-04-25
4426.154137492472,2017-04-26
4351.406826151235,2017-04-27
4225.667398325963,2017-04-28
4343.9639664325705,2017-04-29
4358.855483341476,2017-04-30
4329.095642980889,2017-05-01
4262.475398599428,2017-05-02
4152.4874701343515,2017-05-03
4174.380360166968,2017-05-04
4277.239262767257,2017-05-05
4754.152759682312,2017-05-06
5197.247326531294,2017-05-07
5270.131548659825,2017-05-08
5409.060645170056,2017-05-09
5725.5434077864875,2017-05-10
5861.245169990176,2017-05-11
5989.7779222088375,2017-05-12
6041.54605660739,2017-05-13
5963.969894187415,2017-05-14
5483.276750054356,2017-05-15
5092.786172042378,2017-05-16
5036.937868130602,2017-05-17
5229.583292499782,2017-05-18
5441.9887627415865,2017-05-19
6050.193784391607,2017-05-20
6507.6145032560335,2017-05-21
6669.480035033121,2017-05-22
6860.607515717442,2017-05-23
7017.12752415407,2017-05-24
8246.948735922713,2017-05-25
8926.521547289158,2017-05-26
10636.585217322303,2017-05-27
11641.312899492881,2017-05-28
12772.081210315457,2017-05-29
13287.163307967068,2017-05-30
13361.502335454212,2017-05-31
13250.064579587059,2017-06-01
12326.008471280049,2017-06-02
12005.055963044259,2017-06-03
11374.733585730793,2017-06-04
10861.306771645686,2017-06-05
10974.46875738829,2017-06-06
10714.99455330977,2017-06-07
10325.571002459055,2017-06-08
10204.53681498781,2017-06-09
10974.46875738829,2017-06-10
11652.96702489613,2017-06-11
12979.450414098095,2017-06-12
13660.744324638154,2017-06-13
14692.895358842565,2017-06-14
15479.445907719139,2017-06-15
14979.129714106259,2017-06-16
14822.690351019673,2017-06-17
14460.574192754486,2017-06-18
13685.817238890071,2017-06-19
13114.439873379444,2017-06-20
13448.469667441172,2017-06-21
13736.025822492413,2017-06-22
13573.153915774428,2017-06-23
13485.819961559459,2017-06-24
14486.304435172322,2017-06-25
15559.126507076888,2017-06-26
15866.29221696513,2017-06-27
15110.066514671387,2017-06-28
14115.254667503981,2017-06-29
13373.91052001424,2017-06-30
13139.051678363521,2017-07-01
12808.565326606027,2017-07-02
12626.618489633654,2017-07-03
12481.914346602212,2017-07-04
12278.216882832765,2017-07-05
12409.846987301924,2017-07-06
12979.450414098095,2017-07-07
14268.26112105989,2017-07-08
16135.612157674444,2017-07-09
17695.903085078775,2017-07-10
18263.884073812416,2017-07-11
19218.867536342415,2017-07-12
20225.899990009577,2017-07-13
20738.178532327547,2017-07-14
21271.607405728788,2017-07-15
23051.680115160278,2017-07-16
25876.761812942816,2017-07-17
28184.062743270897,2017-07-18
30166.088890931875,2017-07-19
31472.53832042667,2017-07-20
32617.697675555046,2017-07-21
32785.47731599953,2017-07-22
32580.466511634862,2017-07-23
32413.165758763418,2017-07-24
33159.7227816852,2017-07-25
35930.65845452483,2017-07-26
39409.09368855113,2017-07-27
41607.731001286804,2017-07-28
42443.57848948103,2017-07-29
42632.68625624062,2017-07-30
42380.62758837956,2017-07-31
41047.813460146004,2017-08-01
40470.80658269035,2017-08-02
39368.51517314774,2017-08-03
38360.23952238309,2017-08-04
38140.01722799513,2017-08-05
37940.31592638626,2017-08-06
37860.56900071045,2017-08-07
37205.571874381276,2017-08-08
36614.63692376393,2017-08-09
36634.26537866379,2017-08-10
35969.58479467351,2017-08-11
34829.32796783744,2017-08-12
34008.83573682848,2017-08-13
33197.25361714443,2017-08-14
32227.73581620841,2017-08-15
31070.672117911996,2017-08-16
30364.05348169442,2017-08-17
30184.06132160771,2017-08-18
30418.146072215066,2017-08-19
29771.928268197542,2017-08-20
28902.512519142052,2017-08-21
27663.58625833742,2017-08-22
27250.385867964033,2017-08-23
28010.08012107812,2017-08-24
29061.32187597518,2017-08-25
28937.76926503383,2017-08-26
29185.11397308829,2017-08-27
31454.220702400387,2017-08-28
32135.20241305849,2017-08-29
31987.40084230576,2017-08-30
30961.48021708319,2017-08-31
29754.06793909326,2017-09-01
29114.346312385347,2017-09-02
29096.666613221267,2017-09-03
29682.67539661375,2017-09-04
29843.418350657652,2017-09-05
29718.361912539323,2017-09-06
29647.008393424643,2017-09-07
29451.188760405348,2017-09-08
29008.34142681796,2017-09-09
28306.14220226906,2017-09-10
27715.435207373957,2017-09-11
27216.080260750892,2017-09-12
26822.979800965306,2017-09-13
26162.371670770237,2017-09-14
25276.65424813797,2017-09-15
24307.021044676836,2017-09-16
24584.63648994634,2017-09-17
28428.461715091667,2017-09-18
30725.498014448152,2017-09-19
31600.897504315424,2017-09-20
32338.935690938095,2017-09-21
32617.697675555046,2017-09-22
32841.490897558775,2017-09-23
32450.309832088424,2017-09-24
32394.60098157999,2017-09-25
32246.257024539107,2017-09-26
31380.998761062823,2017-09-27
30076.299809319935,2017-09-28
29273.683473080335,2017-09-29
28832.05770807908,2017-09-30
28062.223431410035,2017-10-01
27284.711138498606,2017-10-02
27957.98094396714,2017-10-03
28761.681152289577,2017-10-04
27284.711138498606,2017-10-05
26246.645996146024,2017-10-06
25793.030481464488,2017-10-07
26517.15231323528,2017-10-08
26364.83720649092,2017-10-09
24486.49076175008,2017-10-10
22608.443015738572,2017-10-11
21780.194672848844,2017-10-12
21610.058090920164,2017-10-13
22924.64141757434,2017-10-14
24748.609595663154,2017-10-15
23370.673812222514,2017-10-16
21625.49996227678,2017-10-17
21317.61659250817,2017-10-18
21149.13743288943,2017-10-19
21210.33219651286,2017-10-20
20707.88315562468,2017-10-21
20091.273361737047,2017-10-22
18869.038922104275,2017-10-23
18565.339498413447,2017-10-24
18666.323468670802,2017-10-25
18249.585082499532,2017-10-26
17555.184532554365,2017-10-27
16338.954950073758,2017-10-28
15439.675428499819,2017-10-29
14447.716877408435,2017-10-30
13485.819961559459,2017-10-31
13028.463953323962,2017-11-01
12687.135813272433,2017-11-02
12530.064726101493,2017-11-03
12772.081210315457,2017-11-04
13523.217386933778,2017-11-05
14077.120371458393,2017-11-06
14848.711672420934,2017-11-07
17695.903085078775,2017-11-08
18221.002389077774,2017-11-09
17345.06571104647,2017-11-10
16230.36125598857,2017-11-11
15136.316090098766,2017-11-12
14064.419372155782,2017-11-13
13287.163307967068,2017-11-14
12638.711420380148,2017-11-15
12040.52701368602,2017-11-16
11594.749467889074,2017-11-17
11363.206949350551,2017-11-18
11008.521403228144,2017-11-19
10591.89756623141,2017-11-20
10647.770505776467,2017-11-21
9716.170320255376,2017-11-22
9630.491639112295,2017-11-23
9834.542070060264,2017-11-24
9834.542070060264,2017-11-25
9705.441602292429,2017-11-26
9641.182587675032,2017-11-27
9460.170927449677,2017-11-28
9175.894339082939,2017-11-29
8905.881677448957,2017-11-30
8710.88801411315,2017-12-01
8487.562609975814,2017-12-02
8286.83232587552,2017-12-03
8236.991520903664,2017-12-04
8256.911424523376,2017-12-05
8659.900534698563,2017-12-06
8988.571572692921,2017-12-07
9312.275583901357,2017-12-08
9364.973610122315,2017-12-09
9196.816465234551,2017-12-10
8978.216320096395,2017-12-11
8823.539678616264,2017-12-12
8256.911424523376,2017-12-13
7784.886946487121,2017-12-14
7439.184048036785,2017-12-15
7109.948067898744,2017-12-16
6851.450508713568,2017-12-17
6760.186656529051,2017-12-18
6606.3173146894,2017-12-19
6633.35356254023,2017-12-20
6678.5256025451245,2017-12-21
6660.440046595868,2017-12-22
6507.6145032560335,2017-12-23
6277.008092875719,2017-12-24
6007.011441730796,2017-12-25
5717.110093262543,2017-12-26
5335.305037976987,2017-12-27
5229.583292499782,2017-12-28
5205.322761600256,2017-12-29
5116.806916141691,2017-12-30
5076.800921475502,2017-12-31
4981.369927947486,2018-01-01
5005.150411300591,2018-01-02
4957.640991340885,2018-01-03
4926.082631296945,2018-01-04
4894.616001932953,2018-01-05
4910.33784698048,2018-01-06
5092.786172042378,2018-01-07
5100.787371782424,2018-01-08
5221.490745379802,2018-01-09
5189.177597071255,2018-01-10
5132.849314970479,2018-01-11
5116.806916141691,2018-01-12
5092.786172042378,2018-01-13
5036.937868130602,2018-01-14
4997.217857463636,2018-01-15
4926.082631296945,2018-01-16
4910.33784698048,2018-01-17
4973.454553903896,2018-01-18
4949.7428044620365,2018-01-19
4973.454553903896,2018-01-20
5092.786172042378,2018-01-21
5156.95575127744,2018-01-22
5148.914561836763,2018-01-23
5068.816872264705,2018-01-24
4965.544908095072,2018-01-25
4792.983611990081,2018-01-26
4646.191661934497,2018-01-27
4723.191599978203,2018-01-28
4769.667851970684,2018-01-29
4792.983611990084,2018-01-30
4754.152759682312,2018-01-31
4676.922524109809,2018-02-01
4554.552581810757,2018-02-02
4433.66072052394,2018-02-03
4463.744921022194,2018-02-04
4539.360193765248,2018-02-05
4493.921668730846,2018-02-06
4433.66072052394,2018-02-07
4366.3099371117805,2018-02-08
4321.670181035766,2018-02-09
4284.629904962878,2018-02-10
4255.1021784327895,2018-02-11
4233.017376456184,2018-02-12
4159.779279454009,2018-02-13
4051.0138605141246,2018-02-14
4000.705760331999,2018-02-15
3972.0867655950387,2018-02-16
3964.9466275842537,2018-02-17
4007.8751149745653,2018-02-18
3993.542247130814,2018-02-19
3950.6838909870935,2018-02-20
3972.0867655950387,2018-02-21
3950.6838909870935,2018-02-22
3915.1294070632357,2018-02-23
3886.791164807296,2018-02-24
3879.7212434353164,2018-02-25
3837.4247582905905,2018-02-26
3781.3578297819076,2018-02-27
3767.399789542919,2018-02-28
3795.3393545593253,2018-03-01
3704.8794394831466,2018-03-02
3594.909001475441,2018-03-03
3574.457510447083,2018-03-04
3446.165825196886,2018-03-05
3392.787263895867,2018-03-06
3446.1658251968834,2018-03-07
3412.7597881022707,2018-03-08
3406.09635311501,2018-03-09
3459.569689679969,2018-03-10
3493.1829026839073,2018-03-11
3506.669587002146,2018-03-12
3520.179915656132,2018-03-13
3704.8794394831466,2018-03-14
3746.5067797846,2018-03-15
3739.554193940823,2018-03-16
3760.4295785654153,2018-03-17
3746.5067797846,2018-03-18
3684.1451620980683,2018-03-19
3588.0859385662434,2018-03-20
3574.457510447083,2018-03-21
3526.943944053865,2018-03-22
3486.448429710543,2018-03-23
3466.280499850867,2018-03-24
3446.1658251968834,2018-03-25
3426.10443362501,2018-03-26
3399.438844698634,2018-03-27
3366.240237720789,2018-03-28
3359.618310672401,2018-03-29
3392.787263895867,2018-03-30
3459.569689679969,2018-03-31
3466.280499850867,2018-04-01
3439.472772950887,2018-04-02
3419.4291486189823,2018-04-03
3472.997227265998,2018-04-04
3816.355658194427,2018-04-05
3900.9485764954898,2018-04-06
4000.705760331999,2018-04-07
4036.6109291676817,2018-04-08
3964.9466275842537,2018-04-09
3900.9485764954898,2018-04-10
3837.4247582905905,2018-04-11
3795.3393545593253,2018-04-12
3788.345657090758,2018-04-13
3922.2286020387864,2018-04-14
4022.2313448235104,2018-04-15
4247.734767416358,2018-04-16
4441.17309127316,2018-04-17
4592.634577136968,2018-04-18
4630.860807839048,2018-04-19
4769.667851970684,2018-04-20
4707.745546082558,2018-04-21
4585.006635792882,2018-04-22
4493.921668730846,2018-04-23
4433.66072052394,2018-04-24
4463.744921022191,2018-04-25
4426.154137492472,2018-04-26
4159.779279454009,2018-04-27
3886.791164807296,2018-04-28
3943.561294295403,2018-04-29
3886.791164807296,2018-04-30
3950.6838909870935,2018-05-01
4137.921318160622,2018-05-02
4894.616001932953,2018-05-03
5100.787371782424,2018-05-04
5189.1775970712515,2018-05-05
5253.895145253292,2018-05-06
5189.177597071255,2018-05-07
5417.284148775833,2018-05-08
5607.99205692036,2018-05-09
5658.235327085907,2018-05-10
5742.427004559539,2018-05-11
5861.245169990176,2018-05-12
5972.566935721408,2018-05-13
6050.193784391607,2018-05-14
6180.584678585083,2018-05-15
6206.8146045036565,2018-05-16
6189.322370779068,2018-05-17
6294.612574961116,2018-05-18
6338.721910823269,2018-05-19
6268.214265853953,2018-05-20
6285.807529480294,2018-05-21
6338.721910823269,2018-05-22
6445.155824570732,2018-05-23
6329.888831537657,2018-05-24
6312.239489728412,2018-05-25
6312.239489728412,2018-05-26
6374.110267447333,2018-05-27
6215.569144609112,2018-05-28
6189.322370779065,2018-05-29
6365.254773772204,2018-05-30
6543.428203129767,2018-05-31
6888.1119235710685,2018-06-01
7231.443967130728,2018-06-02
7852.935914335758,2018-06-03
8437.175126622415,2018-06-04
8417.058365770616,2018-06-05
8538.086579492257,2018-06-06
8957.52211124698,2018-06-07
9165.441407679244,2018-06-08
8988.571572692921,2018-06-09
9428.38981066987,2018-06-10
10827.462277772445,2018-06-11
11981.43505448214,2018-06-12
12869.477403595723,2018-06-13
14255.481916505963,2018-06-14
14707.377,2018-06-15
12991.695917730374,2018-06-16
12135.349228020781,2018-06-17
13176.008752887035,2018-06-18
15162.586396405777,2018-06-19
15960.319539250015,2018-06-20
14913.855822952339,2018-06-21
13761.161484955679,2018-06-22
12194.784945808226,2018-06-23
11110.96728335894,2018-06-24
10872.598949706673,2018-06-25
10658.961143491559,2018-06-26
10270.474960468611,2018-06-27
13229.797750000002,2018-06-28
11305.653548250562,2018-06-29
11432.446521769114,2018-06-30
11993.24286259774,2018-07-01
12349.935943285795,2018-07-02
12784.237320538303,2018-07-03
12614.530826784223,2018-07-04
12699.255076708409,2018-07-05
12918.301727734832,2018-07-06
13274.79182078917,2018-07-07
15941.669,2018-07-08
14602.348037270287,2018-07-09
16475.160293806966,2018-07-10
18709.678609334598,2018-07-11
20466.245937797812,2018-07-12
22908.784044867145,2018-07-13
24979.004919312563,2018-07-14
30342.812250000003,2018-07-15
26737.86765910891,2018-07-16
29149.72037046095,2018-07-17
31143.563885465457,2018-07-18
33385.197515896165,2018-07-19
35872.3049081943,2018-07-20
36968.68129729911,2018-07-21
36536.17097631345,2018-07-22
40962.89775,2018-07-23
35561.815111525604,2018-07-24
36968.68129729911,2018-07-25
38380.28833732232,2018-07-26
39673.317614513944,2018-07-27
40841.31290638696,2018-07-28
41607.731001286804,2018-07-29
42885.42488201618,2018-07-30
43924.49027994262,2018-07-31
44738.08178831653,2018-08-01
44974.86267011648,2018-08-02
44437.54710176455,2018-08-03
44031.15352160485,2018-08-04
51451.18725,2018-08-05
44738.08178831653,2018-08-06
44996.41640453273,2018-08-07
45277.04249400119,2018-08-08
45406.82995193225,2018-08-09
45558.462283153945,2018-08-10
45775.478857786875,2018-08-11
45190.6114483012,2018-08-12
46414.494249999996,2018-08-13
42674.762151010866,2018-08-14
41941.16215992238,2018-08-15
42716.85693182263,2018-08-16
44031.15352160485,2018-08-17
44996.41640453274,2018-08-18
53529.770749999996,2018-08-19
46101.88337466182,2018-08-20
46648.23498633879,2018-08-21
46801.73816367348,2018-08-22
46735.92298883465,2018-08-23
46232.7406153746,2018-08-24
45818.938481034944,2018-08-25
51377.7365,2018-08-26
45341.915091675786,2018-08-27
45666.91191012326,2018-08-28
46692.069620648486,2018-08-29
47021.426411165034,2018-08-30
46889.55728394204,2018-08-31
46341.9172277395,2018-09-01
45450.13000196387,2018-09-02
44523.32009238005,2018-09-03
44394.688831783365,2018-09-04
44009.81145596121,2018-09-05
43202.303804773685,2018-09-06
42003.81530135785,2018-09-07
43308.214,2018-09-08
40594.13796608741,2018-09-09
40204.17454127793,2018-09-10
40020.05304219192,2018-09-11
40060.935694472355,2018-09-12
39999.61883922795,2018-09-13
40060.935694472355,2018-09-14
41006.475438189846,2018-09-15
40717.640089529974,2018-09-16
39591.932376264,2018-09-17
38320.15619366586,2018-09-18
37304.47945832276,2018-09-19
37087.04051938929,2018-09-20
36457.7816353862,2018-09-21
35205.02025,2018-09-22
34618.58754423754,2018-09-23
33932.96355737949,2018-09-24
33272.37323824039,2018-09-25
32804.14367541436,2018-09-26
31710.0625,2018-09-27
29309.14546485653,2018-09-28
27853.915018971613,2018-09-29
26874.10616220742,2018-09-30
26297.269783020623,2018-10-01
26976.49177058427,2018-10-02
25392.839911772644,2018-10-03
22070.26425,2018-10-04
21982.04762254203,2018-10-05
20859.561534175013,2018-10-06
19277.45650231003,2018-10-07
18421.509230326108,2018-10-08
17359.037808887562,2018-10-09
16543.45586609229,2018-10-10
15933.428793779694,2018-10-11
15228.35283856904,2018-10-12
14524.938821876565,2018-10-13
13723.465833281098,2018-10-14
12845.09679301876,2018-10-15
12278.216882832765,2018-10-16
11793.230265055161,2018-10-17
11478.712546546247,2018-10-18
11467.138069288172,2018-10-19
11363.206949350551,2018-10-20
10929.139918342618,2018-10-21
10714.99455330977,2018-10-22
11179.504355811607,2018-10-23
12571.92,2018-10-24
11444.005056417129,2018-10-25
11065.382471544286,2018-10-26
11088.164217846,2018-10-27
10726.21727599241,2018-10-28
10281.4834376491,2018-10-29
10160.685439449533,2018-10-30
10007.882695011114,2018-10-31
9673.28781465729,2018-11-01
9407.229438990664,2018-11-02
9291.234268353297,2018-11-03
9280.721733124752,2018-11-04
9009.29837141466,2018-11-05
9040.429294886513,2018-11-06
9113.258089620489,2018-11-07
10323.855500000001,2018-11-08
8967.866499426613,2018-11-09
8792.751180374577,2018-11-10
8751.776041897147,2018-11-11
8731.32113687801,2018-11-12
8598.895402136897,2018-11-13
8487.562609975814,2018-11-14
8457.31373695234,2018-11-15
8256.911424523376,2018-11-16
8098.165570535024,2018-11-17
7794.591726433231,2018-11-18
8047.58425,2018-11-19
7109.948067898744,2018-11-20
6952.483546287998,2018-11-21
6769.287977491246,2018-11-22
6516.559542829647,2018-11-23
6294.612574961116,2018-11-24
6189.322370779068,2018-11-25
6163.126147101419,2018-11-26
6329.888831537657,2018-11-27
6312.239489728412,2018-11-28
6102.198317527318,2018-11-29
5981.169611971621,2018-11-30
5533.009706675641,2018-12-01
5700.260435688434,2018-12-02
5582.946912307829,2018-12-03
5557.95278869662,2018-12-04
5742.427004559539,2018-12-05
6266.3805,2018-12-06
5742.427004559539,2018-12-07
5793.213482838578,2018-12-08
5599.638007651208,2018-12-09
5409.060645170056,2018-12-10
5221.490745379802,2018-12-11
5229.583292499782,2018-12-12
5100.787371782424,2018-12-13
4941.850348280052,2018-12-14
4831.958146949832,2018-12-15
4839.770286646204,2018-12-16
4839.770286646204,2018-12-17
4855.411792064781,2018-12-18
4761.907430493031,2018-12-19
4646.191661934497,2018-12-20
5270.5335,2018-12-21
4638.523352757907,2018-12-22
4577.38446472443,2018-12-23
4546.953500487287,2018-12-24
4516.614929891469,2018-12-25
4569.768064794943,2018-12-26
4638.523352757907,2018-12-27
4600.268287894269,2018-12-28
4615.553014203394,2018-12-29
4577.38446472443,2018-12-30
4554.552581810757,2018-12-31
4554.552581810757,2019-01-01
4600.268287894269,2019-01-02
4600.268287894269,2019-01-03
4669.23116645424,2019-01-04
4600.268287894271,2019-01-05
4471.280433842006,2019-01-06
4366.3099371117805,2019-01-07
4336.526905077968,2019-01-08
4314.250520137999,2019-01-09
4403.6691235286635,2019-01-10
4471.280433842006,2019-01-11
4562.157436868667,2019-01-12
4715.465695161897,2019-01-13
4918.207372143055,2019-01-14
5124.825259149696,2019-01-15
5310.822266576434,2019-01-16
5221.490745379802,2019-01-17
5237.6815420474595,2019-01-18
5591.289625860239,2019-01-19
5938.21258518484,2019-01-20
6543.428203129767,2019-01-21
6814.878143261596,2019-01-22
6796.625367452721,2019-01-23
6507.6145032560335,2019-01-24
6102.198317527318,2019-01-25
5750.877285311305,2019-01-26
5499.831697706169,2019-01-27
5140.879082800441,2019-01-28
4902.474056634929,2019-01-29
4730.9232596842785,2019-01-30
4546.953500487283,2019-01-31
4366.309937111783,2019-02-01
4277.239262767257,2019-02-02
4225.667398325963,2019-02-03
4145.2014827300845,2019-02-04
4072.662016813883,2019-02-05
3993.542247130814,2019-02-06
3900.9485764954898,2019-02-07
3837.4247582905905,2019-02-08
3788.3456570907556,2019-02-09
3753.4652416529134,2019-02-10
3816.355658194427,2019-02-11
3872.6571796561743,2019-02-12
3972.0867655950387,2019-02-13
4058.2240789762855,2019-02-14
4159.779279454009,2019-02-15
4233.017376456184,2019-02-16
4240.373166455404,2019-02-17
4152.4874701343515,2019-02-18
4108.858906654949,2019-02-19
3964.9466275842537,2019-02-20
3837.4247582905905,2019-02-21
3929.3336488706454,2019-02-22
4007.8751149745653,2019-02-23
3922.2286020387864,2019-02-24
3872.6571796561743,2019-02-25
3929.3336488706454,2019-02-26
3922.2286020387864,2019-02-27
4043.8094769332656,2019-02-28
4306.836661183977,2019-03-01
4585.006635792882,2019-03-02
4941.850348280052,2019-03-03
5028.982419330624,2019-03-04
5060.838541514377,2019-03-05
5165.0026503212575,2019-03-06
5084.7906883375335,2019-03-07
5092.786172042378,2019-03-08
5092.786172042378,2019-03-09
4894.616001932953,2019-03-10
4878.917102770106,2019-03-11
4941.850348280052,2019-03-12
5052.865930034549,2019-03-13
5060.838541514377,2019-03-14
4918.207372143055,2019-03-15
4738.660673433806,2019-03-16
4600.268287894269,2019-03-17
4501.480309585797,2019-03-18
4486.368808572139,2019-03-19
4577.38446472443,2019-03-20
4562.157436868667,2019-03-21
4623.204028034912,2019-03-22
4684.619641751608,2019-03-23
4800.767027724665,2019-03-24
4847.58816862896,2019-03-25
4777.4340232733175,2019-03-26
4808.556189925114,2019-03-27
4769.667851970684,2019-03-28
4715.4656951618945,2019-03-29
4684.619641751608,2019-03-30
4715.4656951618945,2019-03-31
4769.667851970684,2019-04-01
4692.322518528009,2019-04-02
4653.8657345127285,2019-04-03
4785.205943559853,2019-04-04
4808.556189925114,2019-04-05
4715.4656951618945,2019-04-06
4592.634577136968,2019-04-07
4569.768064794943,2019-04-08
4562.157436868667,2019-04-09
4638.523352757907,2019-04-10
4761.907430493031,2019-04-11
4855.411792064779,2019-04-12
4855.411792064779,2019-04-13
4785.205943559853,2019-04-14
4808.556189925114,2019-04-15
4886.763683701936,2019-04-16
4949.7428044620365,2019-04-17
4933.963623617288,2019-04-18
4863.241156121183,2019-04-19
4839.770286646204,2019-04-20
4949.7428044620365,2019-04-21
4933.963623617288,2019-04-22
4871.076259966549,2019-04-23
4847.58816862896,2019-04-24
4800.767027724665,2019-04-25
4676.922524109809,2019-04-26
4493.921668730846,2019-04-27
4351.406826151235,2019-04-28
4159.779279454009,2019-04-29
3950.6838909870935,2019-04-30
3830.395860266622,2019-05-01
3781.3578297819076,2019-05-02
3844.459519683879,2019-05-03
3986.3845763124186,2019-05-04
4189.004717534123,2019-05-05
4314.250520137999,2019-05-06
4456.215192401855,2019-05-07
4808.556189925114,2019-05-08
4965.544908095072,2019-05-09
5302.672730787115,2019-05-10
5607.992056920356,2019-05-11
5649.8472888755705,2019-05-12
5400.842826715963,2019-05-13
5508.117686892607,2019-05-14
5607.992056920356,2019-05-15
5262.010497327079,2019-05-16
5028.982419330624,2019-05-17
5005.150411300591,2019-05-18
4824.151750374023,2019-05-19
4769.667851970684,2019-05-20
4707.745546082558,2019-05-21
4847.58816862896,2019-05-22
4878.917102770106,2019-05-23
4792.983611990084,2019-05-24
4997.217857463639,2019-05-25
5108.794286750865,2019-05-26
5148.914561836763,2019-05-27
4981.369927947486,2019-05-28
5005.150411300591,2019-05-29
4918.207372143055,2019-05-30
4918.207372143055,2019-05-31
5213.403901481655,2019-06-01
5400.842826715963,2019-06-02
5475.0077931279575,2019-06-03
5801.697675878974,2019-06-04
5759.333219976177,2019-06-05
5666.6290274718085,2019-06-06
5835.690935036043,2019-06-07
6471.890266012801,2019-06-08
7063.468416557094,2019-06-09
8147.0,2019-06-10
7391.735355957846,2019-06-11
7401.214041457025,2019-06-12
7193.960851921059,2019-06-13
7044.915403930475,2019-06-14
6732.916130154454,2019-06-15
6391.838059632913,2019-06-16
6241.866449360559,2019-06-17
8147.0,2019-06-18
6507.6145032560335,2019-06-19
6787.507333626292,2019-06-20
7401.214041457025,2019-06-21
7287.834786235632,2019-06-22
7686.0,2019-06-23
7137.902428947538,2019-06-24
7054.189134737505,2019-06-25
6833.15319213616,2019-06-26
7065.0,2019-06-27
6136.98049285896,2019-06-28
5895.396499424946,2019-06-29
5666.629027471812,2019-06-30
5384.424248372746,2019-07-01
5717.110093262543,2019-07-02
6462.973190425167,2019-07-03
6860.607515717445,2019-07-04
10851.0,2019-07-05
9523.879120393885,2019-07-06
9502.621437545145,2019-07-07
9694.718278347558,2019-07-08
9899.383292617827,2019-07-09
9856.13426612535,2019-07-10
9407.229438990664,2019-07-11
9052.0,2019-07-12
8227.039780060864,2019-07-13
7524.9396874033655,2019-07-14
6651.405637913834,2019-07-15
6400.710356744564,2019-07-16
6615.323814367775,2019-07-17
6454.061709713082,2019-07-18
7486.0,2019-07-19
6714.763649751794,2019-07-20
5989.7779222088375,2019-07-21
5262.010497327079,2019-07-22
5068.816872264705,2019-07-23
5409.060645170056,2019-07-24
5903.94843689742,2019-07-25
8301.0,2019-07-26
7203.3233205008,2019-07-27
7156.56639636991,2019-07-28
7726.773831122048,2019-07-29
9343.878161693676,2019-07-30
11145.211846536611,2019-07-31
12314.052654031551,2019-08-01
16040.0,2019-08-02
14460.574192754486,2019-08-03
14396.339664825484,2019-08-04
13912.414432687554,2019-08-05
13114.439873379444,2019-08-06
13040.73047193732,2019-08-07
16160.0,2019-08-08
14926.90022356537,2019-08-09
16845.482756307934,2019-08-10
18927.140581635354,2019-08-11
20300.869305325774,2019-08-12
19601.145594764766,2019-08-13
16027.63666241142,2019-08-14
14217.175568939274,2019-08-15
14411.0,2019-08-16
13448.469667441172,2019-08-17
13937.6963875139,2019-08-18
14357.861418304645,2019-08-19
15373.494771407615,2019-08-20
17541.14079873117,2019-08-21
20571.80341439807,2019-08-22
25468.0,2019-08-23
24014.639795317613,2019-08-24
24699.365585368494,2019-08-25
26229.781265035723,2019-08-26
28621.162875351976,2019-08-27
29362.37507992291,2019-08-28
28902.512519142052,2019-08-29
29096.666613221267,2019-08-30
31198.28371216029,2019-08-31
35639.322408831606,2019-09-01
38140.01722799513,2019-09-02
39084.998321709616,2019-09-03
52628.0,2019-09-04
44931.769299313564,2019-09-05
47087.42416431929,2019-09-06
48483.09839418653,2019-09-07
49019.659470705374,2019-09-08
48974.843424448976,2019-09-09
48862.884921852725,2019-09-10
48349.37810898424,2019-09-11
47355.0,2019-09-12
45927.66963560007,2019-09-13
45082.67833090659,2019-09-14
44009.81145596121,2019-09-15
42569.60782907801,2019-09-16
40882.57510249574,2019-09-17
39612.27155619767,2019-09-18
38180.01472888822,2019-09-19
33189.0,2019-09-20
34733.46471888726,2019-09-21
33895.05638570208,2019-09-22
35426.36213331411,2019-09-23
34676.004484504294,2019-09-24
32024.32216705733,2019-09-25
29309.14546485653,2019-09-26
25542.57765921506,2019-09-27
21795.69173653179,2019-09-28
19424.28385515059,2019-09-29
8853.0,2019-09-30
16352.552328337488,2019-10-01
15057.629569402208,2019-10-02
14077.120371458393,2019-10-03
13349.09939206299,2019-10-04
13460.914527949173,2019-10-05
13250.064579587059,2019-10-06
13114.439873379444,2019-10-07
12967.210165324323,2019-10-08
11432.446521769114,2019-10-09
8853.0,2019-10-10
8926.521547289158,2019-10-11
8336.80991106069,2019-10-12
7940.823251713296,2019-10-13
7852.935914335758,2019-10-14
7688.141860810778,2019-10-15
7439.184048036785,2019-10-16
6934.06385280025,2019-10-17
6498.67505509607,2019-10-18
6259.426049122189,2019-10-19
5844.203367865515,2019-10-20
5541.318394788162,2019-10-21
5400.842826715961,2019-10-22
5368.028419973549,2019-10-23
5253.895145253292,2019-10-24
5237.6815420474595,2019-10-25
5409.060645170056,2019-10-26
5450.234999196151,2019-10-27
5245.785493229489,2019-10-28
5188.0,2019-10-29
5116.806916141691,2019-10-30
4973.454553903896,2019-10-31
5124.825259149696,2019-11-01
4926.082631296945,2019-11-02
4816.351097753818,2019-11-03
4847.58816862896,2019-11-04
4894.616001932953,2019-11-05
4707.745546082558,2019-11-06
4777.4340232733175,2019-11-07
5044.8990386360665,2019-11-08
5052.865930034549,2019-11-09
4516.614929891469,2019-11-10
4210.984881306562,2019-11-11
4022.2313448235104,2019-11-12
3851.5001434809406,2019-11-13
3809.344356082914,2019-11-14
4343.9639664325705,2019-11-15
4471.280433842006,2019-11-16
4292.026352697582,2019-11-17
4152.4874701343515,2019-11-18
4116.115770670546,2019-11-19
4145.2014827300845,2019-11-20
4060.0,2019-11-21
3943.561294295403,2019-11-22
3830.395860266622,2019-11-23
3739.554193940823,2019-11-24
3594.909001475441,2019-11-25
3439.472772950887,2019-11-26
3851.5001434809406,2019-11-27
3635.9711994231307,2019-11-28
3608.5728199550936,2019-11-29
3520.179915656132,2019-11-30
3419.4291486189823,2019-12-01
3392.787263895867,2019-12-02
3254.4752063522897,2019-12-03
3466.280499850867,2019-12-04
3366.240237720789,2019-12-05
3300.2881191159754,2019-12-06
3306.8566031105993,2019-12-07
3313.4310294544916,2019-12-08
3372.868097615911,2019-12-09
3439.472772950887,2019-12-10
3479.7198708954406,2019-12-11
3326.5977049468142,2019-12-12
3386.141611750725,2019-12-13
3392.787263895867,2019-12-14
3353.002317521301,2019-12-15
3346.392259319348,2019-12-16
3196.00140583411,2019-12-17
3724.0,2019-12-18
3526.943944053865,2019-12-19
3663.4638488198684,2019-12-20
4000.705760331999,2019-12-21
3865.5989744298345,2019-12-22
3306.8566031105993,2019-12-23
3313.4310294544916,2019-12-24
3663.4638488198684,2019-12-25
3865.5989744298345,2019-12-26
3760.4295785654153,2019-12-27
3581.2687745538556,2019-12-28
3581.2687745538556,2019-12-29
3526.943944053865,2019-12-30
3486.448429710543,2019-12-31
3588.0859385662434,2020-01-01
3472.997227265998,2020-01-02
3313.4310294544916,2020-01-03
3419.4291486189823,2020-01-04
3287.168982425862,2020-01-05
3042.4338362056947,2020-01-06
3017.1741013434234,2020-01-07
3150.8555365304373,2020-01-08
3067.789363855934,2020-01-09
3274.0736279002363,2020-01-10
3452.864797784488,2020-01-11
3202.474666820546,2020-01-12
3144.4299907954305,2020-01-13
3067.789363855934,2020-01-14
3150.8555365304373,2020-01-15
3353.002317521299,2020-01-16
3379.501889308534,2020-01-17
3479.7198708954406,2020-01-18
3486.448429710543,2020-01-19
3326.5977049468142,2020-01-20
3061.4415052839504,2020-01-21
2941.9703737917384,2020-01-22
2812.4458392107367,2020-01-23
2715.544649147283,2020-01-24
2673.6369985200954,2020-01-25
2661.717879028689,2020-01-26
2637.9523632255846,2020-01-27
2673.6369985200954,2020-01-28
2775.926747068263,2020-01-29
2679.6056443993666,2020-01-30
2620.1918976672814,2020-01-31
2520.5818063738193,2020-02-01
2474.3150149736593,2020-02-02
2480.0770295001926,2020-02-03
2514.7771319333465,2020-02-04
2491.619351534891,2020-02-05
2561.3849548288067,2020-02-06
2632.0261420639727,2020-02-07
2643.884648726759,2020-02-08
2602.4860443390753,2020-02-09
2555.5376823378942,2020-02-10
2474.3150149736593,2020-02-11
2508.9785479639386,2020-02-12
2661.717879028689,2020-02-13
2685.5803460812763,2020-02-14
2757.7486791683136,2020-02-15
2608.381925369917,2020-02-16
2457.0655726697296,2020-02-17
2382.9531687975505,2020-02-18
2417.0305459502206,2020-02-19
2451.327963258108,2020-02-20
2394.2878283078967,2020-02-21
2394.287828307896,2020-02-22
2388.6174391910395,2020-02-23
2304.296584425967,2020-02-24
2321.050405252011,2020-02-25
2399.964334843715,2020-02-26
2578.9632498465817,2020-02-27
2532.209421619803,2020-02-28
2399.964334843715,2020-02-29
2349.0961129227508,2020-03-01
2298.7242527625085,2020-03-02
2221.356907213073,2020-03-03
1960.1024556994764,2020-03-04
1689.5191905309387,2020-03-05
1579.8458296340098,2020-03-06
1446.352962550865,2020-03-07
1487.2077039197081,2020-03-08
1446.352962550865,2020-03-09
1432.8498701177584,2020-03-10
1446.352962550865,2020-03-11
1944.5913718256413,2020-03-12
2543.8613836240006,2020-03-13
2818.553464742175,2020-03-14
2757.7486791683136,2020-03-15
2643.884648726759,2020-03-16
2555.5376823378942,2020-03-17
2691.5611023531706,2020-03-18
2685.5803460812763,2020-03-19
2614.2838768905076,2020-03-20
2561.384954828805,2020-03-21
2538.0323599058424,2020-03-22
2532.209421619803,2020-03-23
2520.5818063738193,2020-03-24
2503.186055729945,2020-03-25
2561.3849548288067,2020-03-26
2763.8019965516605,2020-03-27
2812.4458392107367,2020-03-28
2824.6671186106005,2020-03-29
2781.9981778249976,2020-03-30
2800.2486778644225,2020-03-31
2992.0102311084083,2020-04-01
3093.24061283325,2020-04-02
3202.474666820546,2020-04-03
3055.0996304074492,2020-04-04
3004.580178642671,2020-04-05
2917.094532314549,2020-04-06
2836.9125066625274,2020-04-07
2673.6369985200954,2020-04-08
2948.2043499024853,2020-04-09
3029.7919901950186,2020-04-10
3106.0021105905907,2020-04-11
2966.9422977220656,2020-04-12
2948.2043499024853,2020-04-13
3080.5030276303332,2020-04-14
3125.1891739111156,2020-04-15
3099.618373196342,2020-04-16
2992.0102311084083,2020-04-17
2935.742402832388,2020-04-18
2886.1349582618946,2020-04-19
2855.3257719607814,2020-04-20
2788.0756439990932,2020-04-21
2769.8613529146724,2020-04-22
2781.9981778249976,2020-04-23
2775.926747068263,2020-04-24
2751.701401955369,2020-04-25
2703.5407738248373,2020-04-26
2703.5407738248373,2020-04-27
2788.0756439990932,2020-04-28
2886.1349582618946,2020-04-29
2917.094532314549,2020-04-30
2836.9125066625274,2020-05-01
2806.34424319228,2020-05-02
2800.2486778644225,2020-05-03
2775.926747068263,2020-05-04
2745.660166105229,2020-05-05
2769.8613529146724,2020-05-06
2861.4755712455685,2020-05-07
2948.2043499024853,2020-05-08
2966.9422977220656,2020-05-09
3010.874143661276,2020-05-10
3093.24061283325,2020-05-11
3163.724531584982,2020-05-12
3208.953887319076,2020-05-13
3176.617390797995,2020-05-14
3267.534871616281,2020-05-15
3306.8566031105993,2020-05-16
3326.5977049468142,2020-05-17
3228.427295064461,2020-05-18
3150.8555365304373,2020-05-19
3176.617390797995,2020-05-20
3036.109919116527,2020-05-21
3067.789363855934,2020-05-22
3228.427295064461,2020-05-23
3353.002317521299,2020-05-24
3372.868097615911,2020-05-25
3300.2881191159754,2020-05-26
3629.1127642501738,2020-05-27
3753.4652416529134,2020-05-28
3684.1451620980683,2020-05-29
3774.3758736073787,2020-05-30
3670.351733358466,2020-05-31
3629.1127642501738,2020-06-01
3642.8355264651364,2020-06-02
3979.232748819308,2020-06-03
4094.362661891219,2020-06-04
4203.652344236914,2020-06-05
4145.2014827300845,2020-06-06
3879.7212434353164,2020-06-07
3957.8123357326735,2020-06-08
3943.561294295403,2020-06-09
4101.607870086638,2020-06-10
4247.734767416358,2020-06-11
4051.0138605141246,2020-06-12
4029.418218152399,2020-06-13
4152.4874701343515,2020-06-14
4181.68962972656,2020-06-15
4167.076909770667,2020-06-16
4531.772662512557,2020-06-17
4730.9232596842785,2020-06-18
4692.322518528009,2020-06-19
4623.204028034912,2020-06-20
4777.4340232733175,2020-06-21
4894.616001932953,2020-06-22
5343.477347171825,2020-06-23
6015.636649560438,2020-06-24
6154.405309240733,2020-06-25
5929.638089821156,2020-06-26
5725.5434077864875,2020-06-27
5599.638007651211,2020-06-28
5649.8472888755705,2020-06-29
5717.110093262543,2020-06-30
5725.54340778649,2020-07-01
5666.6290274718085,2020-07-02
5750.877285311309,2020-07-03
6058.847140353039,2020-07-04
6454.061709713082,2020-07-05
6507.6145032560335,2020-07-06
6579.331321495436,2020-07-07
6814.878143261596,2020-07-08
7137.902428947538,2020-07-09
7639.975837637301,2020-07-10
7931.036014950369,2020-07-11
7901.707264137795,2020-07-12
7611.142354799697,2020-07-13
7306.676010981226,2020-07-14
7007.8760039693525,2020-07-15
6480.812935782378,2020-07-16
6233.09506774823,2020-07-17
5929.638089821156,2020-07-18
5725.5434077864875,2020-07-19
5700.260435688434,2020-07-20
5666.629027471812,2020-07-21
5633.0882020037925,2020-07-22
5658.235327085907,2020-07-23
5852.721446430004,2020-07-24
6110.885427386537,2020-07-25
6250.6434433882405,2020-07-26
6418.4717495132,2020-07-27
6215.569144609112,2020-07-28
6356.404882642419,2020-07-29
6259.426049122189,2020-07-30
6400.7103567445665,2020-07-31
6597.31639886139,2020-08-01
7630.3591645215365,2020-08-02
8916.198894712381,2020-08-03
10149.73602384144,2020-08-04
10525.026653524277,2020-08-05
10793.665854858033,2020-08-06
11053.999594329649,2020-08-07
12278.216882832769,2020-08-08
14822.690351019673,2020-08-09
18121.12353648422,2020-08-10
19675.05322533891,2020-08-11
20315.878312836012,2020-08-12
20001.74961969262,2020-08-13
19218.867536342415,2020-08-14
18724.140493129806,2020-08-15
18106.875524167644,2020-08-16
17219.547258356164,2020-08-17
16393.375342553478,2020-08-18
16831.70033324182,2020-08-19
18421.509230326108,2020-08-20
20136.103444912664,2020-08-21
21594.62123897916,2020-08-22
22153.507847417055,2020-08-23
22403.986199530296,2020-08-24
22451.093519540933,2020-08-25
22106.6858514883,2020-08-26
21997.609863492107,2020-08-27
22294.24424474828,2020-08-28
23322.697600710973,2020-08-29
24372.213248285432,2020-08-30
23338.6846865136,2020-08-31
21440.528858457285,2020-09-01
19912.40783762285,2020-09-02
18507.746310143193,2020-09-03
17625.47990565946,2020-09-04
16776.621979549625,2020-09-05
15347.058734125569,2020-09-06
14102.53801955556,2020-09-07
13176.008752887035,2020-09-08
12566.232863435262,2020-09-09
11804.953331922927,2020-09-10
11420.893302289913,2020-09-11
11168.068192860463,2020-09-12
11259.706593490531,2020-09-13
11525.063583152367,2020-09-14
11444.005056417134,2020-09-15
11571.499600788236,2020-09-16
11629.66408061268,2020-09-17
11641.312899492881,2020-09-18
12578.299450156686,2020-09-19
16955.926900790524,2020-09-20
23004.003167399896,2020-09-21
22861.2418868521,2020-09-22
21133.851314056083,2020-09-23
19793.568637032473,2020-09-24
18912.60754646962,2020-09-25
18536.532726003352,2020-09-26
18478.98025367793,2020-09-27
19942.16820935317,2020-09-28
19793.568637032473,2020-09-29
17993.075051667078,2020-09-30
16625.580216783135,2020-10-01
15919.991159135358,2020-10-02
15466.183908497138,2020-10-03
15413.187642424908,2020-10-04
15692.341055472536,2020-10-05
16666.71177606878,2020-10-06
16997.428111746638,2020-10-07
16393.375342553474,2020-10-08
16135.612157674444,2020-10-09
17331.098732835086,2020-10-10
20966.03602479257,2020-10-11
23434.711871463285,2020-10-12
25276.65424813797,2020-10-13
25860.00566800408,2020-10-14
27250.385867964033,2020-10-15
27233.23060630312,2020-10-16
27456.632363158806,2020-10-17
28937.76926503383,2020-10-18
30076.299809319935,2020-10-19
32673.58069830836,2020-10-20
33573.62410413648,2020-10-21
31913.616340735683,2020-10-22
29664.839455795336,2020-10-23
27491.07556694635,2020-10-24
25676.014113272293,2020-10-25
24193.1259145816,2020-10-26
22861.2418868521,2020-10-27
21256.281062792175,2020-10-28
20526.534239069595,2020-10-29
22216.007288898443,2020-10-30
24209.38174371249,2020-10-31
23998.443610586484,2020-11-01
21363.671009408296,2020-11-02
19189.60348770381,2020-11-03
17233.473266163113,2020-11-04
15413.187642424908,2020-11-05
14191.664063177575,2020-11-06
13151.365454707155,2020-11-07
12385.866738164408,2020-11-08
11934.25675470875,2020-11-09
11769.800032813882,2020-11-10
11236.765048862671,2020-11-11
10861.306771645686,2020-11-12
11793.230265055161,2020-11-13
13299.540038943778,2020-11-14
12845.09679301876,2020-11-15
11294.158827590989,2020-11-16
10425.081770703999,2020-11-17
10838.738435179177,2020-11-18
9834.542070060264,2020-11-19
9312.275583901357,2020-11-20
8988.571572692917,2020-11-21
8497.656487320228,2020-11-22
8048.845209656703,2020-11-23
7833.465854234663,2020-11-24
7193.960851921059,2020-11-25
7297.252631543746,2020-11-26
6961.7017307624255,2020-11-27
6732.916130154454,2020-11-28
6525.51017312635,2020-11-29
6145.690090921211,2020-11-30
5835.690935036043,2020-12-01
5767.794807807217,2020-12-02
5835.690935036043,2020-12-03
5852.721446430004,2020-12-04
5793.213482838578,2020-12-05
5717.110093262543,2020-12-06
5750.877285311305,2020-12-07
5844.203367865515,2020-12-08
5591.289625860239,2020-12-09
5433.748208337022,2020-12-10
5417.284148775833,2020-12-11
5450.234999196148,2020-12-12
5417.284148775833,2020-12-13
5450.234999196151,2020-12-14
5092.786172042378,2020-12-15
4933.963623617288,2020-12-16
4902.474056634929,2020-12-17
4886.763683701936,2020-12-18
4700.031153588275,2020-12-19
4396.185700197048,2020-12-20
4130.646977346394,2020-12-21
3972.0867655950387,2020-12-22
4094.362661891219,2020-12-23
3781.3578297819076,2020-12-24
4403.6691235286635,2020-12-25
4539.360193765248,2020-12-26
4585.006635792882,2020-12-27
4592.634577136968,2020-12-28
4426.154137492472,2020-12-29
4607.90776720328,2020-12-30
4676.922524109809,2020-12-31
