datetime,discharge
1962-05-21 00:00:00,1.36
1962-05-22 00:00:00,2.28
1962-05-23 00:00:00,7.54
1962-05-24 00:00:00,3.74
1962-05-28 00:00:00,1.58
1962-06-02 00:00:00,7.27
1962-06-03 00:00:00,20.3
1962-06-04 00:00:00,8.46
1962-06-05 00:00:00,5.83
1962-06-06 00:00:00,5.23
1962-06-07 00:00:00,4.16
1962-06-08 00:00:00,1.69
1962-06-09 00:00:00,2.1
1962-06-10 00:00:00,20.3
1962-06-11 00:00:00,20.0
1962-06-12 00:00:00,7.27
1962-06-13 00:00:00,6.43
1962-06-14 00:00:00,5.75
1962-06-15 00:00:00,4.44
1962-06-16 00:00:00,4.09
1962-06-17 00:00:00,4.58
1962-06-18 00:00:00,1.2
1962-06-19 00:00:00,7.54
1962-06-20 00:00:00,12.36
1962-06-21 00:00:00,12.36
1962-06-22 00:00:00,7.83
1962-06-23 00:00:00,9.3
1962-06-24 00:00:00,16.4
1962-06-25 00:00:00,18.3
1962-06-26 00:00:00,18.5
1962-06-27 00:00:00,24.2
1962-06-28 00:00:00,11.54
1962-06-29 00:00:00,6.35
1962-06-30 00:00:00,6.13
1962-07-01 00:00:00,6.1
1962-07-02 00:00:00,6.1
1962-07-03 00:00:00,5.9
1962-07-04 00:00:00,6.1
1962-07-05 00:00:00,6.1
1962-07-06 00:00:00,6.2
1962-07-07 00:00:00,8.2
1962-07-08 00:00:00,8.0
1962-07-09 00:00:00,19.1
1962-07-10 00:00:00,27.2
1962-07-11 00:00:00,43.8
1962-07-12 00:00:00,45.5
1962-07-13 00:00:00,49.4
1962-07-14 00:00:00,37.2
1962-07-15 00:00:00,77.6
1962-07-16 00:00:00,97.5
1962-07-17 00:00:00,102.0
1962-07-18 00:00:00,113.0
1962-07-19 00:00:00,184.0
1962-07-20 00:00:00,184.0
1962-07-21 00:00:00,184.0
1962-07-22 00:00:00,184.0
1962-07-23 00:00:00,184.0
1962-07-24 00:00:00,184.0
1962-07-25 00:00:00,184.0
1962-07-26 00:00:00,179.0
1962-07-27 00:00:00,83.5
1962-07-28 00:00:00,53.8
1962-07-29 00:00:00,26.0
1962-07-30 00:00:00,7.5
1962-07-31 00:00:00,6.3
1962-08-01 00:00:00,6.13
1962-08-02 00:00:00,6.13
1962-08-03 00:00:00,6.93
1962-08-04 00:00:00,14.46
1962-08-05 00:00:00,35.0
1962-08-06 00:00:00,41.2
1962-08-07 00:00:00,34.5
1962-08-08 00:00:00,8.78
1962-08-09 00:00:00,8.99
1962-08-10 00:00:00,70.0
1962-08-11 00:00:00,175.0
1962-08-12 00:00:00,183.0
1962-08-13 00:00:00,184.0
1962-08-14 00:00:00,179.0
1962-08-15 00:00:00,174.0
1962-08-16 00:00:00,94.5
1962-08-17 00:00:00,59.0
1962-08-18 00:00:00,42.0
1962-08-19 00:00:00,24.0
1962-08-20 00:00:00,11.0
1962-08-21 00:00:00,8.5
1962-08-22 00:00:00,6.0
1962-08-23 00:00:00,2.6
1962-08-24 00:00:00,23.6
1962-08-25 00:00:00,25.5
1962-08-26 00:00:00,24.7
1962-08-27 00:00:00,8.0
1962-08-28 00:00:00,3.0
1962-08-29 00:00:00,1.0
1962-08-30 00:00:00,22.5
1962-08-31 00:00:00,13.0
1962-09-01 00:00:00,13.0
1962-09-02 00:00:00,13.0
1962-09-03 00:00:00,13.0
1962-09-04 00:00:00,46.0
1962-09-05 00:00:00,109.0
1962-09-06 00:00:00,146.0
1962-09-07 00:00:00,153.0
1962-09-08 00:00:00,154.0
1962-09-09 00:00:00,161.0
1962-09-10 00:00:00,170.0
1962-09-11 00:00:00,170.0
1962-09-12 00:00:00,175.0
1962-09-13 00:00:00,175.0
1962-09-14 00:00:00,175.0
1962-09-15 00:00:00,175.0
1962-09-16 00:00:00,176.0
1962-09-17 00:00:00,173.0
1962-09-18 00:00:00,168.0
1962-09-19 00:00:00,152.0
1962-09-20 00:00:00,158.0
1962-09-21 00:00:00,161.0
1962-09-22 00:00:00,161.0
1962-09-23 00:00:00,148.0
1962-09-24 00:00:00,119.0
1962-09-25 00:00:00,106.0
1962-09-26 00:00:00,92.0
1962-09-27 00:00:00,80.0
1962-09-28 00:00:00,69.0
1962-09-29 00:00:00,66.0
1962-09-30 00:00:00,48.0
1962-10-01 00:00:00,66.0
1962-10-02 00:00:00,72.0
1962-10-03 00:00:00,81.0
1962-10-04 00:00:00,112.0
1962-10-05 00:00:00,148.0
1962-10-06 00:00:00,148.0
1962-10-07 00:00:00,147.0
1962-10-08 00:00:00,149.0
1962-10-09 00:00:00,142.0
1962-10-10 00:00:00,106.0
1962-10-11 00:00:00,86.0
1962-10-12 00:00:00,58.0
1962-10-13 00:00:00,54.0
1962-10-14 00:00:00,52.0
1962-10-15 00:00:00,50.0
1962-10-16 00:00:00,56.0
1962-10-17 00:00:00,61.0
1962-10-18 00:00:00,62.0
1962-10-19 00:00:00,61.0
1962-10-20 00:00:00,59.0
1962-10-21 00:00:00,61.0
1962-10-22 00:00:00,61.0
1962-10-23 00:00:00,56.5
1962-10-24 00:00:00,54.5
1962-10-25 00:00:00,48.0
1962-10-26 00:00:00,45.5
1962-10-27 00:00:00,37.5
1962-10-28 00:00:00,35.5
1962-10-29 00:00:00,35.0
1962-10-30 00:00:00,34.0
1962-10-31 00:00:00,33.5
1962-11-01 00:00:00,29.5
1962-11-02 00:00:00,27.0
1962-11-03 00:00:00,26.5
1962-11-04 00:00:00,26.0
1962-11-05 00:00:00,25.5
1962-11-06 00:00:00,25.0
1962-11-07 00:00:00,24.5
1962-11-08 00:00:00,24.3
1962-11-09 00:00:00,23.2
1962-11-10 00:00:00,22.6
1962-11-11 00:00:00,21.8
1962-11-12 00:00:00,21.2
1962-11-13 00:00:00,20.6
1962-11-14 00:00:00,20.1
1962-11-15 00:00:00,19.5
1962-11-16 00:00:00,19.0
1962-11-17 00:00:00,18.5
1962-11-18 00:00:00,18.1
1962-11-19 00:00:00,17.6
1962-11-20 00:00:00,17.2
1962-11-21 00:00:00,16.7
1962-11-22 00:00:00,16.3
1962-11-23 00:00:00,15.9
1962-11-24 00:00:00,15.5
1962-11-25 00:00:00,14.0
1962-11-26 00:00:00,12.8
1962-11-27 00:00:00,11.4
1962-11-28 00:00:00,10.3
1962-11-29 00:00:00,9.5
1962-11-30 00:00:00,8.5
1962-12-01 00:00:00,7.6
1962-12-02 00:00:00,6.85
1962-12-03 00:00:00,6.2
1962-12-04 00:00:00,5.9
1962-12-05 00:00:00,5.6
1962-12-06 00:00:00,5.32
1962-12-07 00:00:00,5.12
1962-12-08 00:00:00,5.5
1962-12-09 00:00:00,6.1
1962-12-10 00:00:00,6.05
1962-12-11 00:00:00,5.75
1962-12-12 00:00:00,4.16
1962-12-13 00:00:00,3.95
1962-12-14 00:00:00,3.81
1962-12-15 00:00:00,3.6
1962-12-16 00:00:00,3.6
1962-12-17 00:00:00,3.41
1962-12-18 00:00:00,3.24
1962-12-19 00:00:00,3.0
1962-12-20 00:00:00,2.76
1962-12-21 00:00:00,2.7
1962-12-22 00:00:00,2.52
1962-12-23 00:00:00,2.34
1962-12-24 00:00:00,2.22
1962-12-25 00:00:00,2.1
1962-12-26 00:00:00,1.98
1962-12-27 00:00:00,1.92
1962-12-28 00:00:00,1.86
1962-12-29 00:00:00,1.86
1962-12-30 00:00:00,1.8
1962-12-31 00:00:00,1.8
1963-01-01 00:00:00,2.1
1963-01-02 00:00:00,3.6
1963-01-03 00:00:00,2.1
1963-01-04 00:00:00,1.8
1963-01-05 00:00:00,1.53
1963-01-06 00:00:00,1.25
1963-01-07 00:00:00,1.14
1963-01-08 00:00:00,1.03
1963-03-25 00:00:00,2.7
1963-03-26 00:00:00,3.0
1963-03-27 00:00:00,2.4
1997-06-01 00:00:00,11.24
1997-06-02 00:00:00,67.59
1997-06-03 00:00:00,54.3
1997-06-04 00:00:00,41.94
1997-06-05 00:00:00,12.35
1997-06-06 00:00:00,12.93
1997-06-07 00:00:00,4.91
1997-06-09 00:00:00,1.62
1997-06-10 00:00:00,6.72
1997-06-11 00:00:00,7.59
1997-06-12 00:00:00,9.35
1997-06-13 00:00:00,9.99
1997-06-14 00:00:00,9.6
1997-06-15 00:00:00,10.37
1997-06-16 00:00:00,10.64
1997-06-17 00:00:00,11.17
1997-06-18 00:00:00,11.45
1997-06-19 00:00:00,11.72
1997-06-20 00:00:00,11.86
1997-06-21 00:00:00,12.0
1997-06-22 00:00:00,12.14
1997-06-23 00:00:00,12.28
1997-06-24 00:00:00,12.43
1997-06-25 00:00:00,11.72
1997-06-26 00:00:00,11.45
1997-06-27 00:00:00,9.6
1997-06-28 00:00:00,9.48
1997-06-29 00:00:00,9.11
1997-06-30 00:00:00,7.47
1997-07-01 00:00:00,6.82
1997-07-02 00:00:00,6.41
1997-07-03 00:00:00,7.25
1997-07-04 00:00:00,7.92
1997-07-05 00:00:00,8.39
1997-07-06 00:00:00,8.51
1997-07-07 00:00:00,8.99
1997-07-08 00:00:00,9.86
1997-07-09 00:00:00,9.86
1997-07-10 00:00:00,10.11
1997-07-11 00:00:00,9.6
1997-07-12 00:00:00,3.62
1997-07-13 00:00:00,3.17
1997-07-14 00:00:00,2.89
1997-07-15 00:00:00,2.49
1997-07-16 00:00:00,2.24
1997-07-17 00:00:00,1.89
1997-07-18 00:00:00,2.43
1997-07-19 00:00:00,1.33
1997-07-20 00:00:00,1.1
1997-07-21 00:00:00,1.1
1997-07-24 00:00:00,12.93
1997-07-25 00:00:00,21.44
1997-07-26 00:00:00,35.39
1997-07-27 00:00:00,32.79
1997-07-28 00:00:00,31.18
1997-07-29 00:00:00,14.9
1997-07-30 00:00:00,18.89
1997-07-31 00:00:00,24.96
1997-08-01 00:00:00,31.86
1997-08-02 00:00:00,42.47
1997-08-03 00:00:00,56.42
1997-08-04 00:00:00,87.56
1997-08-05 00:00:00,100.53
1997-08-06 00:00:00,94.52
1997-08-07 00:00:00,76.54
1997-08-08 00:00:00,65.6
1997-08-09 00:00:00,25.57
1997-08-10 00:00:00,22.78
1997-08-11 00:00:00,7.75
1997-08-12 00:00:00,2.92
1997-08-24 00:00:00,3.89
1997-08-25 00:00:00,6.87
1997-08-26 00:00:00,8.68
1997-08-27 00:00:00,9.29
1997-08-28 00:00:00,8.44
1997-08-29 00:00:00,5.47
1997-08-30 00:00:00,3.43
1997-08-31 00:00:00,4.05
1997-09-01 00:00:00,7.53
1997-09-02 00:00:00,6.66
1997-09-03 00:00:00,5.75
1997-09-04 00:00:00,5.37
1997-09-05 00:00:00,5.28
1997-09-06 00:00:00,5.37
1997-09-07 00:00:00,5.85
1997-09-08 00:00:00,6.15
1997-09-09 00:00:00,6.46
1997-09-10 00:00:00,7.09
1997-09-11 00:00:00,6.98
1997-09-12 00:00:00,7.42
1997-09-13 00:00:00,7.75
1997-09-14 00:00:00,8.21
1997-09-15 00:00:00,8.8
1997-09-16 00:00:00,10.57
1997-09-17 00:00:00,11.37
1997-09-18 00:00:00,12.07
1997-09-19 00:00:00,12.07
1997-09-20 00:00:00,11.79
1997-09-21 00:00:00,11.51
1997-09-22 00:00:00,11.24
1997-09-23 00:00:00,10.83
1997-09-24 00:00:00,11.79
1997-09-25 00:00:00,14.74
1997-09-26 00:00:00,23.75
1997-09-27 00:00:00,27.66
1997-09-28 00:00:00,55.2
1997-09-29 00:00:00,118.79
1997-09-30 00:00:00,186.54
1997-10-01 00:00:00,183.23
1997-10-02 00:00:00,171.35
1997-10-03 00:00:00,137.13
1997-10-04 00:00:00,88.7
1997-10-05 00:00:00,59.82
1997-10-06 00:00:00,54.6
1997-10-07 00:00:00,56.11
1997-10-08 00:00:00,67.25
1997-10-09 00:00:00,56.42
1997-10-10 00:00:00,47.92
1997-10-11 00:00:00,41.42
1997-10-12 00:00:00,22.58
1997-10-13 00:00:00,22.39
1997-10-14 00:00:00,24.15
1997-10-15 00:00:00,22.2
1997-10-16 00:00:00,20.15
1997-10-17 00:00:00,19.78
1997-10-18 00:00:00,19.96
1997-10-19 00:00:00,19.96
1997-10-20 00:00:00,19.42
1997-10-21 00:00:00,25.57
1997-10-22 00:00:00,19.78
1997-10-23 00:00:00,18.02
1997-10-24 00:00:00,16.01
1997-10-25 00:00:00,18.54
1997-10-26 00:00:00,23.16
1997-10-27 00:00:00,22.78
1997-10-28 00:00:00,19.78
1997-10-29 00:00:00,14.12
1997-10-30 00:00:00,12.07
1997-10-31 00:00:00,10.57
1997-11-01 00:00:00,10.18
1997-11-02 00:00:00,9.41
1997-11-03 00:00:00,8.68
1997-11-04 00:00:00,7.53
1997-11-05 00:00:00,6.87
1997-11-06 00:00:00,6.56
1997-11-07 00:00:00,6.15
1997-11-08 00:00:00,5.85
1997-11-09 00:00:00,5.85
1997-11-10 00:00:00,5.28
1997-11-11 00:00:00,4.91
1997-11-12 00:00:00,5.09
1997-11-13 00:00:00,5.09
1997-11-14 00:00:00,5.28
1997-11-15 00:00:00,5.28
1997-11-16 00:00:00,5.37
1997-11-17 00:00:00,5.37
1997-11-18 00:00:00,5.28
1997-11-19 00:00:00,5.09
1997-11-20 00:00:00,5.0
1997-11-21 00:00:00,3.43
1997-11-22 00:00:00,2.58
1997-11-24 00:00:00,1.44
1997-11-25 00:00:00,1.44
1997-11-26 00:00:00,1.49
1997-11-27 00:00:00,1.49
1997-11-28 00:00:00,1.49
1997-11-29 00:00:00,1.44
1997-11-30 00:00:00,1.44
1997-12-01 00:00:00,1.4
1997-12-02 00:00:00,1.35
1997-12-03 00:00:00,1.3
1997-12-04 00:00:00,1.26
1997-12-05 00:00:00,1.26
1997-12-06 00:00:00,1.26
1997-12-07 00:00:00,1.21
1997-12-08 00:00:00,1.21
1997-12-09 00:00:00,1.17
1997-12-10 00:00:00,1.17
1997-12-11 00:00:00,1.12
1997-12-12 00:00:00,1.08
1997-12-13 00:00:00,1.08
1997-12-14 00:00:00,1.0
1997-12-15 00:00:00,1.0
1997-12-16 00:00:00,1.0
1998-02-23 00:00:00,1.42
1998-02-24 00:00:00,1.95
1998-02-25 00:00:00,2.43
1998-02-26 00:00:00,3.32
1998-02-27 00:00:00,3.39
1998-02-28 00:00:00,3.47
1998-03-01 00:00:00,3.54
1998-03-02 00:00:00,3.54
1998-03-03 00:00:00,3.62
1998-03-04 00:00:00,3.7
1998-03-05 00:00:00,3.7
1998-03-06 00:00:00,3.85
1998-03-07 00:00:00,3.85
1998-03-08 00:00:00,3.93
1998-03-09 00:00:00,4.01
1998-03-10 00:00:00,4.01
1998-03-11 00:00:00,4.18
1998-03-12 00:00:00,4.18
1998-03-13 00:00:00,4.35
1998-03-14 00:00:00,4.35
1998-03-15 00:00:00,4.52
1998-03-16 00:00:00,4.6
1998-03-17 00:00:00,4.69
1998-03-18 00:00:00,4.87
1998-03-19 00:00:00,5.05
1998-03-20 00:00:00,5.23
1998-03-21 00:00:00,5.42
1998-03-22 00:00:00,5.71
1998-03-23 00:00:00,6.2
1998-03-24 00:00:00,6.41
1998-03-25 00:00:00,6.93
1998-03-26 00:00:00,7.25
1998-03-27 00:00:00,7.25
1998-03-28 00:00:00,7.47
1998-03-29 00:00:00,7.47
1998-03-30 00:00:00,7.59
1998-03-31 00:00:00,7.7
1998-04-01 00:00:00,7.7
1998-04-02 00:00:00,7.92
1998-04-03 00:00:00,7.92
1998-04-04 00:00:00,8.04
1998-04-05 00:00:00,8.15
1998-04-06 00:00:00,8.15
1998-04-07 00:00:00,8.27
1998-04-08 00:00:00,8.39
1998-04-09 00:00:00,8.51
1998-04-10 00:00:00,8.62
1998-04-11 00:00:00,8.86
1998-04-12 00:00:00,8.86
1998-04-13 00:00:00,8.99
1998-04-14 00:00:00,9.11
1998-04-15 00:00:00,9.11
1998-04-16 00:00:00,9.35
1998-04-17 00:00:00,9.35
1998-04-18 00:00:00,9.48
1998-04-19 00:00:00,9.6
1998-04-20 00:00:00,9.73
1998-04-21 00:00:00,9.86
1998-04-22 00:00:00,9.99
1998-04-23 00:00:00,10.11
1998-04-24 00:00:00,10.24
1998-04-25 00:00:00,10.37
1998-04-26 00:00:00,10.64
1998-04-27 00:00:00,10.64
1998-04-28 00:00:00,10.9
1998-04-29 00:00:00,11.17
1998-04-30 00:00:00,11.31
1998-05-01 00:00:00,11.45
1998-05-02 00:00:00,11.58
1998-05-03 00:00:00,11.72
1998-05-04 00:00:00,12.0
1998-05-05 00:00:00,12.0
1998-05-06 00:00:00,11.31
1998-05-07 00:00:00,11.45
1998-05-08 00:00:00,11.58
1998-05-09 00:00:00,11.72
1998-05-10 00:00:00,11.86
1998-05-11 00:00:00,12.0
1998-05-12 00:00:00,12.28
1998-05-13 00:00:00,12.14
1998-05-14 00:00:00,11.31
1998-05-15 00:00:00,11.45
1998-05-16 00:00:00,11.72
1998-05-17 00:00:00,11.72
1998-05-18 00:00:00,11.17
1998-05-19 00:00:00,11.17
1998-05-20 00:00:00,11.45
1998-05-21 00:00:00,11.45
1998-05-22 00:00:00,11.45
1998-05-23 00:00:00,11.72
1998-05-24 00:00:00,11.72
1998-05-25 00:00:00,12.0
1998-05-26 00:00:00,11.72
1998-05-27 00:00:00,11.58
1998-05-28 00:00:00,11.72
1998-05-29 00:00:00,11.31
1998-05-30 00:00:00,10.9
1998-05-31 00:00:00,11.04
1998-06-01 00:00:00,11.17
1998-06-02 00:00:00,11.31
1998-06-03 00:00:00,11.45
1998-06-04 00:00:00,11.72
1998-06-05 00:00:00,11.72
1998-06-06 00:00:00,11.31
1998-06-07 00:00:00,10.64
1998-06-08 00:00:00,10.77
1998-06-09 00:00:00,10.9
1998-06-10 00:00:00,11.17
1998-06-11 00:00:00,11.17
1998-06-12 00:00:00,11.45
1998-06-13 00:00:00,11.45
1998-06-14 00:00:00,11.45
1998-06-15 00:00:00,9.35
1998-06-16 00:00:00,9.35
1998-06-17 00:00:00,9.48
1998-06-18 00:00:00,7.7
1998-06-19 00:00:00,5.61
1998-06-20 00:00:00,5.71
1998-06-21 00:00:00,5.81
1998-06-22 00:00:00,5.9
1998-06-23 00:00:00,5.61
1998-06-24 00:00:00,5.61
1998-06-25 00:00:00,5.81
1998-06-26 00:00:00,5.42
1998-06-27 00:00:00,3.7
1998-06-28 00:00:00,2.68
1998-06-29 00:00:00,2.36
1998-06-30 00:00:00,2.06
1998-07-01 00:00:00,2.12
1998-07-02 00:00:00,1.83
1998-07-03 00:00:00,1.83
1998-07-04 00:00:00,1.62
1998-07-05 00:00:00,1.28
1998-07-06 00:00:00,1.33
1998-07-07 00:00:00,1.37
1998-07-08 00:00:00,1.42
1998-07-09 00:00:00,1.47
1998-07-10 00:00:00,1.42
1998-07-11 00:00:00,1.15
1998-07-12 00:00:00,1.23
1998-07-13 00:00:00,1.23
1998-07-14 00:00:00,1.23
1998-07-15 00:00:00,1.33
1998-07-16 00:00:00,1.33
1998-07-17 00:00:00,1.33
1998-07-18 00:00:00,1.42
1998-07-19 00:00:00,1.47
1998-07-20 00:00:00,1.52
1998-07-21 00:00:00,1.62
1998-07-22 00:00:00,1.62
1998-07-23 00:00:00,1.73
1998-07-24 00:00:00,1.83
1998-07-25 00:00:00,1.83
1998-07-26 00:00:00,1.23
1998-09-16 00:00:00,2.33
1998-09-17 00:00:00,5.09
1998-09-18 00:00:00,8.56
1998-09-19 00:00:00,14.43
1998-09-20 00:00:00,17.0
1998-09-21 00:00:00,19.78
1998-09-22 00:00:00,30.28
1998-09-23 00:00:00,40.13
1998-09-24 00:00:00,35.15
1998-09-25 00:00:00,27.02
1998-09-26 00:00:00,25.16
1998-09-27 00:00:00,29.83
1998-09-28 00:00:00,25.98
1998-09-29 00:00:00,18.02
1998-09-30 00:00:00,9.92
1998-10-01 00:00:00,28.3
1998-10-02 00:00:00,70.62
1998-10-03 00:00:00,106.73
1998-10-04 00:00:00,106.73
1998-10-05 00:00:00,71.65
1998-10-06 00:00:00,31.63
1998-10-07 00:00:00,9.66
1998-10-08 00:00:00,2.46
1998-10-09 00:00:00,11.65
1998-10-10 00:00:00,28.09
1998-10-11 00:00:00,46.81
1998-10-12 00:00:00,35.39
1998-10-13 00:00:00,13.52
1998-10-14 00:00:00,3.43
1998-10-15 00:00:00,3.58
1998-10-16 00:00:00,1.0
1998-10-18 00:00:00,4.05
1998-10-19 00:00:00,6.87
1998-10-20 00:00:00,10.18
1998-10-21 00:00:00,10.97
1998-10-22 00:00:00,7.09
1998-10-23 00:00:00,5.47
1998-10-24 00:00:00,4.22
1998-10-25 00:00:00,2.52
1998-10-26 00:00:00,1.54
1998-10-27 00:00:00,1.0
1998-11-21 00:00:00,1.54
1998-11-22 00:00:00,1.59
1998-11-23 00:00:00,1.65
1998-11-24 00:00:00,1.7
1998-11-25 00:00:00,1.75
1998-11-26 00:00:00,1.81
1998-11-27 00:00:00,1.86
1998-11-28 00:00:00,1.86
1998-11-29 00:00:00,1.92
1998-11-30 00:00:00,1.92
1998-12-01 00:00:00,1.81
1998-12-02 00:00:00,1.7
1998-12-03 00:00:00,1.59
1998-12-04 00:00:00,1.49
1998-12-05 00:00:00,1.4
1998-12-06 00:00:00,1.35
1998-12-07 00:00:00,1.26
1998-12-08 00:00:00,1.17
1998-12-09 00:00:00,1.08
1998-12-10 00:00:00,1.0
1999-01-13 00:00:00,4.91
1999-01-14 00:00:00,5.37
1999-01-15 00:00:00,4.05
1999-01-16 00:00:00,3.58
1999-01-17 00:00:00,2.92
1999-01-18 00:00:00,1.0
1999-04-12 00:00:00,1.02
1999-04-13 00:00:00,1.15
1999-04-14 00:00:00,1.28
1999-04-15 00:00:00,1.37
1999-04-16 00:00:00,1.52
1999-04-17 00:00:00,1.62
1999-04-18 00:00:00,1.83
1999-04-19 00:00:00,1.73
1999-04-20 00:00:00,2.0
1999-04-21 00:00:00,2.82
1999-04-22 00:00:00,3.47
1999-04-23 00:00:00,3.54
1999-04-24 00:00:00,3.7
1999-04-25 00:00:00,3.77
1999-04-26 00:00:00,3.54
1999-04-27 00:00:00,3.39
1999-04-28 00:00:00,3.24
1999-04-29 00:00:00,2.82
1999-04-30 00:00:00,2.89
1999-09-01 00:00:00,1.59
1999-09-02 00:00:00,1.81
1999-09-03 00:00:00,4.39
1999-09-04 00:00:00,4.91
1999-09-05 00:00:00,11.24
1999-09-06 00:00:00,5.95
1999-09-07 00:00:00,6.66
1999-09-08 00:00:00,7.2
1999-09-09 00:00:00,7.64
1999-09-10 00:00:00,9.54
1999-09-11 00:00:00,14.12
1999-09-12 00:00:00,12.78
1999-09-13 00:00:00,15.37
1999-09-14 00:00:00,6.77
1999-09-15 00:00:00,6.66
1999-09-16 00:00:00,2.99
1999-09-17 00:00:00,2.58
1999-09-18 00:00:00,2.46
1999-09-19 00:00:00,2.39
1999-09-20 00:00:00,2.72
1999-09-21 00:00:00,3.21
1999-09-22 00:00:00,3.73
1999-09-23 00:00:00,3.97
1999-09-24 00:00:00,9.29
1999-09-25 00:00:00,5.37
1999-09-26 00:00:00,5.85
1999-09-27 00:00:00,6.35
1999-09-28 00:00:00,8.56
1999-09-29 00:00:00,12.35
1999-09-30 00:00:00,14.12
1999-10-01 00:00:00,15.85
1999-10-02 00:00:00,21.63
1999-10-03 00:00:00,27.23
1999-10-04 00:00:00,35.87
1999-10-05 00:00:00,53.11
1999-10-06 00:00:00,55.2
1999-10-07 00:00:00,53.11
1999-10-08 00:00:00,51.94
1999-10-09 00:00:00,50.49
1999-10-10 00:00:00,44.88
1999-10-11 00:00:00,45.98
1999-10-12 00:00:00,36.85
1999-10-13 00:00:00,22.39
1999-10-14 00:00:00,16.34
1999-10-15 00:00:00,15.37
1999-10-16 00:00:00,14.74
1999-10-17 00:00:00,13.82
1999-10-18 00:00:00,13.37
1999-10-19 00:00:00,11.79
1999-10-20 00:00:00,10.57
1999-10-21 00:00:00,10.18
1999-10-22 00:00:00,9.41
1999-10-23 00:00:00,9.04
1999-10-24 00:00:00,8.44
1999-10-25 00:00:00,8.21
1999-10-26 00:00:00,7.98
1999-10-27 00:00:00,7.53
1999-10-28 00:00:00,7.09
1999-10-29 00:00:00,6.87
1999-10-30 00:00:00,6.25
1999-10-31 00:00:00,5.28
1999-11-01 00:00:00,5.75
1999-11-02 00:00:00,6.77
1999-11-03 00:00:00,8.33
1999-11-04 00:00:00,10.57
1999-11-05 00:00:00,15.21
1999-11-06 00:00:00,22.97
1999-11-07 00:00:00,30.28
1999-11-08 00:00:00,46.81
1999-11-09 00:00:00,42.74
1999-11-10 00:00:00,74.07
1999-11-11 00:00:00,86.8
1999-11-12 00:00:00,85.29
1999-11-13 00:00:00,80.49
1999-11-14 00:00:00,73.03
1999-11-15 00:00:00,69.94
1999-11-16 00:00:00,65.27
1999-11-17 00:00:00,62.04
1999-11-18 00:00:00,56.72
1999-11-19 00:00:00,49.34
1999-11-20 00:00:00,44.07
1999-11-21 00:00:00,41.16
1999-11-22 00:00:00,35.39
1999-11-23 00:00:00,30.95
1999-11-24 00:00:00,27.02
1999-11-25 00:00:00,23.75
1999-11-26 00:00:00,19.6
1999-11-27 00:00:00,15.69
1999-11-28 00:00:00,12.5
1999-11-29 00:00:00,6.66
1999-11-30 00:00:00,5.56
1999-12-01 00:00:00,2.52
1999-12-02 00:00:00,2.09
1999-12-03 00:00:00,1.75
1999-12-04 00:00:00,1.49
1999-12-05 00:00:00,1.4
1999-12-06 00:00:00,1.26
1999-12-07 00:00:00,1.04
1999-12-08 00:00:00,1.0
2000-02-25 00:00:00,1.15
2000-02-26 00:00:00,1.23
2000-02-27 00:00:00,1.28
2000-02-28 00:00:00,1.33
2000-02-29 00:00:00,1.37
2000-03-01 00:00:00,1.62
2000-03-02 00:00:00,1.89
2000-03-03 00:00:00,2.3
2000-03-04 00:00:00,2.68
2000-03-05 00:00:00,3.54
2000-03-06 00:00:00,3.77
2000-03-07 00:00:00,3.93
2000-03-08 00:00:00,4.01
2000-03-09 00:00:00,4.1
2000-03-10 00:00:00,4.26
2000-03-11 00:00:00,4.26
2000-03-12 00:00:00,4.43
2000-03-13 00:00:00,4.52
2000-03-14 00:00:00,4.69
2000-03-15 00:00:00,4.87
2000-03-16 00:00:00,4.87
2000-03-17 00:00:00,4.96
2000-03-18 00:00:00,4.96
2000-03-19 00:00:00,5.05
2000-03-20 00:00:00,5.05
2000-03-21 00:00:00,5.05
2000-03-22 00:00:00,5.05
2000-03-23 00:00:00,5.05
2000-03-24 00:00:00,5.05
2000-03-25 00:00:00,5.05
2000-03-26 00:00:00,5.05
2000-03-27 00:00:00,5.14
2000-03-28 00:00:00,5.42
2000-03-29 00:00:00,5.61
2000-03-30 00:00:00,5.61
2000-03-31 00:00:00,5.61
2000-04-01 00:00:00,5.61
2000-04-02 00:00:00,5.61
2000-04-03 00:00:00,5.71
2000-04-04 00:00:00,5.71
2000-04-05 00:00:00,5.71
2000-04-06 00:00:00,5.81
2000-04-07 00:00:00,5.81
2000-04-08 00:00:00,5.9
2000-04-09 00:00:00,5.9
2000-04-10 00:00:00,5.9
2000-04-11 00:00:00,5.81
2000-04-12 00:00:00,5.71
2000-04-13 00:00:00,5.61
2000-04-14 00:00:00,5.52
2000-04-15 00:00:00,5.42
2000-04-16 00:00:00,5.33
2000-04-17 00:00:00,5.05
2000-04-18 00:00:00,4.87
2000-04-19 00:00:00,4.6
2000-04-20 00:00:00,4.35
2000-04-21 00:00:00,4.18
2000-04-22 00:00:00,3.93
2000-04-23 00:00:00,3.7
2000-04-24 00:00:00,3.54
2000-04-25 00:00:00,3.32
2000-04-26 00:00:00,3.1
2000-04-27 00:00:00,2.96
2000-04-28 00:00:00,2.75
2000-04-29 00:00:00,2.55
2000-04-30 00:00:00,2.43
2000-05-01 00:00:00,2.24
2000-05-02 00:00:00,2.3
2000-05-03 00:00:00,2.36
2000-05-04 00:00:00,2.43
2000-05-05 00:00:00,2.49
2000-05-06 00:00:00,2.55
2000-05-07 00:00:00,2.62
2000-05-08 00:00:00,2.68
2000-05-09 00:00:00,2.75
2000-05-10 00:00:00,2.82
2000-05-11 00:00:00,2.89
2000-05-12 00:00:00,2.96
2000-05-13 00:00:00,3.03
2000-05-14 00:00:00,2.68
2000-05-15 00:00:00,2.62
2000-05-16 00:00:00,2.62
2000-05-18 00:00:00,11.24
2000-05-19 00:00:00,27.23
2000-05-20 00:00:00,44.07
2000-05-21 00:00:00,23.16
2000-05-22 00:00:00,9.66
2000-05-23 00:00:00,1.86
2000-05-28 00:00:00,1.28
2000-05-29 00:00:00,3.03
2000-05-30 00:00:00,3.47
2000-05-31 00:00:00,4.01
2000-06-01 00:00:00,2.82
2000-06-02 00:00:00,1.47
2000-06-07 00:00:00,1.97
2000-06-08 00:00:00,5.19
2000-06-09 00:00:00,9.79
2000-06-10 00:00:00,1.7
2000-06-12 00:00:00,1.83
2000-06-13 00:00:00,2.3
2000-06-14 00:00:00,2.82
2000-06-15 00:00:00,3.32
2000-06-16 00:00:00,4.01
2000-06-17 00:00:00,1.52
2000-06-22 00:00:00,1.59
2000-06-30 00:00:00,1.1
2000-07-01 00:00:00,2.82
2000-07-02 00:00:00,1.52
2000-07-07 00:00:00,1.97
2000-07-08 00:00:00,5.19
2000-07-09 00:00:00,9.79
2000-07-10 00:00:00,1.7
2000-07-12 00:00:00,1.33
2000-07-13 00:00:00,2.3
2000-07-14 00:00:00,2.82
2000-07-15 00:00:00,3.32
2000-07-16 00:00:00,4.01
2000-07-17 00:00:00,1.52
2000-07-22 00:00:00,1.59
2000-07-23 00:00:00,1.35
2000-07-26 00:00:00,1.26
2000-07-27 00:00:00,6.15
2000-07-28 00:00:00,22.58
2000-07-29 00:00:00,109.26
2000-07-30 00:00:00,115.71
2000-07-31 00:00:00,94.52
2000-08-01 00:00:00,38.1
2000-08-02 00:00:00,32.32
2000-08-03 00:00:00,12.35
2000-08-04 00:00:00,8.21
2000-08-05 00:00:00,3.81
2000-08-06 00:00:00,3.35
2000-08-07 00:00:00,2.27
2000-08-08 00:00:00,2.78
2000-08-09 00:00:00,3.35
2000-08-10 00:00:00,3.97
2000-08-11 00:00:00,5.0
2000-08-12 00:00:00,5.47
2000-08-13 00:00:00,6.05
2000-08-14 00:00:00,7.2
2000-08-15 00:00:00,7.98
2000-08-16 00:00:00,8.44
2000-08-17 00:00:00,9.17
2000-08-18 00:00:00,10.83
2000-08-19 00:00:00,11.1
2000-08-20 00:00:00,11.79
2000-08-21 00:00:00,12.5
2000-08-22 00:00:00,13.67
2000-08-23 00:00:00,13.37
2000-08-24 00:00:00,12.78
2000-08-25 00:00:00,12.21
2000-08-26 00:00:00,11.65
2000-08-27 00:00:00,12.35
2000-08-28 00:00:00,13.22
2000-08-29 00:00:00,14.28
2000-08-30 00:00:00,14.9
2000-08-31 00:00:00,15.53
2000-09-01 00:00:00,16.83
2000-09-02 00:00:00,19.07
2000-09-03 00:00:00,19.96
2000-09-04 00:00:00,20.7
2000-09-05 00:00:00,21.82
2000-09-06 00:00:00,22.58
2000-09-07 00:00:00,23.95
2000-09-08 00:00:00,25.16
2000-09-09 00:00:00,26.19
2000-09-10 00:00:00,27.02
2000-09-11 00:00:00,28.3
2000-09-12 00:00:00,27.66
2000-09-13 00:00:00,26.6
2000-09-14 00:00:00,27.87
2000-09-15 00:00:00,29.39
2000-09-16 00:00:00,29.83
2000-09-17 00:00:00,32.32
2000-09-18 00:00:00,33.72
2000-09-19 00:00:00,34.67
2000-09-20 00:00:00,35.87
2000-09-21 00:00:00,41.94
2000-09-22 00:00:00,50.49
2000-09-23 00:00:00,41.42
2000-09-24 00:00:00,42.74
2000-09-25 00:00:00,44.61
2000-09-26 00:00:00,46.25
2000-09-27 00:00:00,47.64
2000-09-28 00:00:00,49.62
2000-09-29 00:00:00,51.06
2000-09-30 00:00:00,52.82
2000-10-01 00:00:00,56.11
2000-10-02 00:00:00,58.26
2000-10-03 00:00:00,63.64
2000-10-04 00:00:00,72.34
2000-10-05 00:00:00,96.51
2000-10-06 00:00:00,71.31
2000-10-07 00:00:00,73.72
2000-10-08 00:00:00,76.54
2000-10-09 00:00:00,79.4
2000-10-10 00:00:00,82.32
2000-10-11 00:00:00,110.11
2000-10-12 00:00:00,161.4
2000-10-13 00:00:00,197.22
2000-10-14 00:00:00,211.13
2000-10-15 00:00:00,193.81
2000-10-16 00:00:00,168.18
2000-10-17 00:00:00,151.26
2000-10-18 00:00:00,94.52
2000-10-19 00:00:00,57.03
2000-10-20 00:00:00,35.15
2000-10-21 00:00:00,27.45
2000-10-22 00:00:00,19.24
2000-10-23 00:00:00,14.58
2000-10-24 00:00:00,12.07
2000-10-25 00:00:00,8.92
2000-10-26 00:00:00,7.53
2000-10-27 00:00:00,6.77
2000-10-28 00:00:00,5.19
2000-10-29 00:00:00,4.39
2000-10-30 00:00:00,4.39
2000-10-31 00:00:00,4.82
2000-11-01 00:00:00,3.06
2000-11-02 00:00:00,2.92
2000-11-03 00:00:00,3.35
2000-11-04 00:00:00,3.13
2000-11-05 00:00:00,2.85
2000-11-06 00:00:00,2.85
2000-11-07 00:00:00,2.72
2000-11-08 00:00:00,2.78
2000-11-09 00:00:00,2.85
2000-11-10 00:00:00,3.21
2000-11-11 00:00:00,3.43
2000-11-12 00:00:00,3.58
2000-11-13 00:00:00,3.81
2000-11-14 00:00:00,3.97
2000-11-15 00:00:00,4.22
2000-11-16 00:00:00,4.47
2000-11-17 00:00:00,4.82
2000-11-18 00:00:00,5.0
2000-11-19 00:00:00,5.37
2000-11-20 00:00:00,5.75
2000-11-21 00:00:00,6.05
2000-11-22 00:00:00,6.56
2000-11-23 00:00:00,6.98
2000-11-24 00:00:00,7.2
2000-11-25 00:00:00,7.42
2000-11-26 00:00:00,6.98
2000-11-27 00:00:00,6.35
2000-11-28 00:00:00,5.75
2000-11-29 00:00:00,5.28
2000-11-30 00:00:00,4.82
2000-12-01 00:00:00,4.65
2000-12-02 00:00:00,4.56
2000-12-03 00:00:00,4.39
2000-12-04 00:00:00,4.3
2000-12-05 00:00:00,4.14
2000-12-06 00:00:00,4.05
2000-12-07 00:00:00,3.89
2000-12-08 00:00:00,3.73
2000-12-09 00:00:00,3.66
2000-12-10 00:00:00,3.5
2000-12-11 00:00:00,3.43
2000-12-12 00:00:00,3.28
2000-12-13 00:00:00,3.13
2000-12-14 00:00:00,3.06
2000-12-15 00:00:00,2.92
2000-12-16 00:00:00,2.85
2000-12-17 00:00:00,2.72
2000-12-18 00:00:00,2.65
2000-12-19 00:00:00,2.52
2000-12-20 00:00:00,2.39
2000-12-21 00:00:00,2.33
2000-12-22 00:00:00,2.21
2000-12-23 00:00:00,2.15
2000-12-24 00:00:00,2.03
2000-12-25 00:00:00,1.92
2000-12-26 00:00:00,1.86
2000-12-27 00:00:00,1.75
2000-12-28 00:00:00,1.7
2000-12-29 00:00:00,1.59
2000-12-30 00:00:00,1.54
2000-12-31 00:00:00,1.44
2001-01-01 00:00:00,1.35
2001-01-02 00:00:00,1.3
2001-01-03 00:00:00,1.21
2001-01-04 00:00:00,1.17
2001-01-05 00:00:00,1.08
2001-01-06 00:00:00,1.04
2001-01-07 00:00:00,1.04
2001-01-08 00:00:00,1.0
2001-01-09 00:00:00,1.0
2001-01-10 00:00:00,1.08
2001-01-11 00:00:00,1.04
2001-01-12 00:00:00,1.0
2001-03-16 00:00:00,1.06
2001-03-17 00:00:00,1.1
2001-03-18 00:00:00,1.15
2001-03-19 00:00:00,1.23
2001-03-20 00:00:00,1.42
2001-03-21 00:00:00,1.52
2001-03-22 00:00:00,1.62
2001-03-23 00:00:00,1.73
2001-03-24 00:00:00,1.83
2001-03-25 00:00:00,1.95
2001-03-26 00:00:00,2.06
2001-03-27 00:00:00,2.18
2001-03-28 00:00:00,2.3
2001-03-29 00:00:00,2.43
2001-03-30 00:00:00,2.55
2001-03-31 00:00:00,2.68
2001-04-01 00:00:00,2.82
2001-04-02 00:00:00,2.96
2001-04-03 00:00:00,3.1
2001-04-04 00:00:00,3.24
2001-04-05 00:00:00,3.39
2001-04-06 00:00:00,3.54
2001-04-07 00:00:00,3.7
2001-04-08 00:00:00,3.85
2001-04-09 00:00:00,4.01
2001-04-10 00:00:00,4.18
2001-04-11 00:00:00,4.35
2001-04-12 00:00:00,4.52
2001-04-13 00:00:00,4.69
2001-04-14 00:00:00,4.78
2001-04-15 00:00:00,4.43
2001-04-16 00:00:00,4.35
2001-04-17 00:00:00,4.52
2001-04-18 00:00:00,4.6
2001-04-19 00:00:00,4.69
2001-04-20 00:00:00,4.78
2001-04-21 00:00:00,4.87
2001-04-22 00:00:00,4.96
2001-04-23 00:00:00,4.52
2001-04-24 00:00:00,4.6
2001-04-25 00:00:00,4.69
2001-04-26 00:00:00,4.78
2001-04-27 00:00:00,4.87
2001-04-28 00:00:00,4.96
2001-04-29 00:00:00,5.05
2001-04-30 00:00:00,4.52
2001-05-01 00:00:00,4.6
2001-05-02 00:00:00,4.96
2001-05-03 00:00:00,5.23
2001-05-04 00:00:00,5.33
2001-05-05 00:00:00,5.42
2001-05-06 00:00:00,5.23
2001-05-07 00:00:00,5.33
2001-05-08 00:00:00,5.42
2001-05-09 00:00:00,5.61
2001-05-10 00:00:00,5.71
2001-05-11 00:00:00,5.42
2001-05-12 00:00:00,5.33
2001-05-13 00:00:00,5.14
2001-05-14 00:00:00,4.26
2001-05-15 00:00:00,2.96
2001-05-16 00:00:00,2.12
2001-05-17 00:00:00,1.57
2001-05-18 00:00:00,2.36
2001-05-19 00:00:00,2.68
2001-05-20 00:00:00,3.54
2001-05-21 00:00:00,3.93
2001-05-22 00:00:00,4.1
2001-05-23 00:00:00,4.18
2001-05-24 00:00:00,4.26
2001-05-25 00:00:00,4.35
2001-05-26 00:00:00,4.43
2001-05-27 00:00:00,4.26
2001-05-28 00:00:00,4.18
2001-05-29 00:00:00,4.26
2001-05-30 00:00:00,4.35
2001-05-31 00:00:00,4.43
2001-06-01 00:00:00,4.69
2001-06-02 00:00:00,4.6
2001-06-03 00:00:00,4.52
2001-06-04 00:00:00,4.43
2001-06-05 00:00:00,4.52
2001-06-06 00:00:00,4.26
2001-06-07 00:00:00,4.18
2001-06-08 00:00:00,3.85
2001-06-09 00:00:00,3.93
2001-06-10 00:00:00,4.1
2001-06-11 00:00:00,4.18
2001-06-12 00:00:00,4.01
2001-06-13 00:00:00,3.93
2001-06-14 00:00:00,3.77
2001-06-15 00:00:00,3.54
2001-06-16 00:00:00,3.62
2001-06-17 00:00:00,3.77
2001-06-18 00:00:00,3.93
2001-06-19 00:00:00,4.1
2001-06-20 00:00:00,4.26
2001-06-21 00:00:00,4.35
2001-06-22 00:00:00,4.43
2001-06-23 00:00:00,4.52
2001-06-24 00:00:00,4.6
2001-06-25 00:00:00,4.35
2001-06-26 00:00:00,4.26
2001-06-27 00:00:00,4.1
2001-06-28 00:00:00,4.01
2001-06-29 00:00:00,4.1
2001-06-30 00:00:00,4.18
2001-07-01 00:00:00,4.18
2001-07-02 00:00:00,4.26
2001-07-03 00:00:00,4.35
2001-07-04 00:00:00,4.43
2001-07-05 00:00:00,4.52
2001-07-06 00:00:00,4.6
2001-07-07 00:00:00,4.69
2001-07-08 00:00:00,4.69
2001-07-09 00:00:00,4.18
2001-07-10 00:00:00,3.54
2001-07-11 00:00:00,3.7
2001-07-12 00:00:00,3.85
2001-07-13 00:00:00,4.01
2001-07-14 00:00:00,4.1
2001-07-15 00:00:00,4.18
2001-07-16 00:00:00,4.26
2001-07-17 00:00:00,4.35
2001-07-18 00:00:00,4.43
2001-07-19 00:00:00,4.52
2001-07-20 00:00:00,4.6
2001-07-21 00:00:00,4.35
2001-07-23 00:00:00,1.33
2001-07-24 00:00:00,1.73
2001-07-25 00:00:00,2.62
2001-07-26 00:00:00,2.96
2001-07-27 00:00:00,3.54
2001-07-28 00:00:00,3.7
2001-07-29 00:00:00,3.85
2001-07-30 00:00:00,4.01
2001-07-31 00:00:00,4.1
2001-08-01 00:00:00,4.18
2001-08-02 00:00:00,3.54
2001-08-03 00:00:00,3.1
2001-08-04 00:00:00,2.89
2001-08-05 00:00:00,1.78
2001-08-06 00:00:00,1.28
2001-08-12 00:00:00,2.58
2001-08-13 00:00:00,8.92
2001-08-14 00:00:00,18.89
2001-08-15 00:00:00,18.54
2001-08-16 00:00:00,10.05
2001-08-17 00:00:00,4.3
2001-08-18 00:00:00,4.82
2001-08-19 00:00:00,5.28
2001-08-20 00:00:00,6.25
2001-08-21 00:00:00,3.28
2001-08-22 00:00:00,1.54
2001-08-23 00:00:00,1.75
2001-08-24 00:00:00,1.86
2001-08-25 00:00:00,3.13
2001-08-26 00:00:00,4.47
2001-08-27 00:00:00,12.64
2001-08-28 00:00:00,16.01
2001-08-29 00:00:00,12.64
2001-08-30 00:00:00,8.33
2001-08-31 00:00:00,8.56
2001-09-01 00:00:00,9.54
2001-09-02 00:00:00,9.54
2001-09-03 00:00:00,11.93
2001-09-04 00:00:00,12.5
2001-09-05 00:00:00,13.67
2001-09-06 00:00:00,14.58
2001-09-07 00:00:00,15.53
2001-09-08 00:00:00,16.34
2001-09-09 00:00:00,16.83
2001-09-10 00:00:00,17.68
2001-09-11 00:00:00,18.54
2001-09-12 00:00:00,19.24
2001-09-13 00:00:00,19.6
2001-09-14 00:00:00,19.96
2001-09-15 00:00:00,21.25
2001-09-16 00:00:00,22.58
2001-09-17 00:00:00,23.16
2001-09-18 00:00:00,23.95
2001-09-19 00:00:00,25.16
2001-09-20 00:00:00,25.77
2001-09-21 00:00:00,25.57
2001-09-22 00:00:00,26.6
2001-09-23 00:00:00,27.66
2001-09-24 00:00:00,28.52
2001-09-25 00:00:00,30.06
2001-09-26 00:00:00,36.36
2001-09-27 00:00:00,40.13
2001-09-28 00:00:00,35.63
2001-09-29 00:00:00,35.63
2001-09-30 00:00:00,36.61
2001-10-01 00:00:00,37.35
2001-10-02 00:00:00,37.85
2001-10-03 00:00:00,38.35
2001-10-04 00:00:00,39.36
2001-10-05 00:00:00,46.53
2001-10-06 00:00:00,71.65
2001-10-07 00:00:00,87.56
2001-10-08 00:00:00,80.86
2001-10-09 00:00:00,70.96
2001-10-10 00:00:00,67.92
2001-10-11 00:00:00,49.05
2001-10-12 00:00:00,24.55
2001-10-13 00:00:00,34.91
2001-10-14 00:00:00,35.39
2001-10-15 00:00:00,35.87
2001-10-16 00:00:00,36.36
2001-10-17 00:00:00,32.79
2001-10-18 00:00:00,30.73
2001-10-19 00:00:00,25.98
2001-10-20 00:00:00,25.16
2001-10-21 00:00:00,23.95
2001-10-22 00:00:00,22.58
2001-10-23 00:00:00,22.2
2001-10-24 00:00:00,20.33
2001-10-25 00:00:00,19.96
2001-10-26 00:00:00,20.15
2001-10-27 00:00:00,20.51
2001-10-28 00:00:00,21.07
2001-10-29 00:00:00,21.82
2001-10-30 00:00:00,21.07
2001-10-31 00:00:00,20.51
2001-11-01 00:00:00,19.6
2001-11-02 00:00:00,19.07
2001-11-03 00:00:00,18.19
2001-11-04 00:00:00,17.51
2001-11-05 00:00:00,16.67
2001-11-06 00:00:00,15.85
2001-11-07 00:00:00,15.05
2001-11-08 00:00:00,14.74
2001-11-09 00:00:00,13.37
2001-11-10 00:00:00,12.64
2001-11-11 00:00:00,11.51
2001-11-12 00:00:00,11.24
2001-11-13 00:00:00,10.57
2001-11-14 00:00:00,10.31
2001-11-15 00:00:00,9.04
2001-11-16 00:00:00,8.56
2001-11-17 00:00:00,8.09
2001-11-18 00:00:00,7.87
2001-11-19 00:00:00,7.64
2001-11-20 00:00:00,7.2
2001-11-21 00:00:00,6.77
2001-11-22 00:00:00,6.15
2001-11-23 00:00:00,5.56
2001-11-24 00:00:00,5.09
2001-11-25 00:00:00,4.65
2001-11-26 00:00:00,4.14
2001-11-27 00:00:00,3.58
2001-11-28 00:00:00,3.06
2001-11-29 00:00:00,2.78
2001-11-30 00:00:00,2.65
2001-12-01 00:00:00,2.46
2001-12-02 00:00:00,2.21
2001-12-03 00:00:00,1.97
2001-12-04 00:00:00,1.86
2001-12-05 00:00:00,1.65
2001-12-06 00:00:00,1.54
2001-12-07 00:00:00,1.44
2001-12-08 00:00:00,1.4
2001-12-09 00:00:00,1.35
2001-12-10 00:00:00,1.26
2001-12-11 00:00:00,1.21
2001-12-12 00:00:00,1.17
2001-12-13 00:00:00,1.12
2001-12-14 00:00:00,1.08
2001-12-15 00:00:00,1.04
2001-12-16 00:00:00,1.0
2001-12-17 00:00:00,1.0
2001-12-18 00:00:00,1.0
2002-02-17 00:00:00,1.37
2002-02-18 00:00:00,1.83
2002-02-19 00:00:00,2.18
2002-02-20 00:00:00,2.55
2002-02-21 00:00:00,2.96
2002-02-22 00:00:00,3.47
2002-02-23 00:00:00,3.77
2002-02-24 00:00:00,3.93
2002-02-25 00:00:00,4.18
2002-02-26 00:00:00,4.26
2002-02-27 00:00:00,4.35
2002-02-28 00:00:00,4.43
2002-03-01 00:00:00,4.43
2002-03-02 00:00:00,4.43
2002-03-03 00:00:00,4.52
2002-03-04 00:00:00,4.6
2002-03-05 00:00:00,4.69
2002-03-06 00:00:00,4.69
2002-03-07 00:00:00,4.78
2002-03-08 00:00:00,4.78
2002-03-09 00:00:00,4.87
2002-03-10 00:00:00,4.87
2002-03-11 00:00:00,4.96
2002-03-12 00:00:00,4.96
2002-03-13 00:00:00,5.05
2002-03-14 00:00:00,5.05
2002-03-15 00:00:00,5.14
2002-03-16 00:00:00,5.14
2002-03-17 00:00:00,5.23
2002-03-18 00:00:00,5.33
2002-03-19 00:00:00,5.33
2002-03-20 00:00:00,5.42
2002-03-21 00:00:00,5.42
2002-03-22 00:00:00,5.52
2002-03-23 00:00:00,5.52
2002-03-24 00:00:00,5.14
2002-03-25 00:00:00,4.78
2002-03-26 00:00:00,4.35
2002-03-27 00:00:00,4.35
2002-03-28 00:00:00,4.35
2002-03-29 00:00:00,4.43
2002-03-30 00:00:00,4.6
2002-03-31 00:00:00,4.69
2002-04-01 00:00:00,4.78
2002-04-02 00:00:00,4.78
2002-04-03 00:00:00,4.6
2002-04-04 00:00:00,4.69
2002-04-05 00:00:00,4.69
2002-04-06 00:00:00,4.78
2002-04-07 00:00:00,4.78
2002-04-08 00:00:00,4.87
2002-04-09 00:00:00,4.96
2002-04-10 00:00:00,4.96
2002-04-11 00:00:00,5.05
2002-04-12 00:00:00,5.05
2002-04-13 00:00:00,5.14
2002-04-14 00:00:00,5.23
2002-04-15 00:00:00,5.33
2002-04-16 00:00:00,5.42
2002-04-17 00:00:00,5.52
2002-04-18 00:00:00,5.52
2002-04-19 00:00:00,5.61
2002-04-20 00:00:00,5.71
2002-04-21 00:00:00,5.81
2002-04-22 00:00:00,5.9
2002-04-23 00:00:00,5.9
2002-04-24 00:00:00,5.61
2002-04-25 00:00:00,5.23
2002-04-26 00:00:00,4.87
2002-04-27 00:00:00,4.96
2002-04-28 00:00:00,4.69
2002-04-29 00:00:00,4.35
2002-04-30 00:00:00,4.43
2002-05-01 00:00:00,4.43
2002-05-02 00:00:00,4.52
2002-05-03 00:00:00,4.6
2002-05-04 00:00:00,4.35
2002-05-05 00:00:00,4.35
2002-05-06 00:00:00,4.52
2002-05-07 00:00:00,4.6
2002-05-08 00:00:00,4.69
2002-05-09 00:00:00,4.69
2002-05-10 00:00:00,4.78
2002-05-11 00:00:00,4.69
2002-05-12 00:00:00,4.6
2002-05-13 00:00:00,4.52
2002-05-14 00:00:00,4.35
2002-05-15 00:00:00,4.43
2002-05-16 00:00:00,4.6
2002-05-17 00:00:00,4.69
2002-05-18 00:00:00,4.78
2002-05-19 00:00:00,4.87
2002-05-20 00:00:00,4.69
2002-05-21 00:00:00,4.6
2002-05-22 00:00:00,4.69
2002-05-23 00:00:00,4.78
2002-05-24 00:00:00,3.54
2002-05-25 00:00:00,4.26
2002-05-26 00:00:00,3.1
2002-05-27 00:00:00,3.47
2002-05-28 00:00:00,3.93
2002-05-29 00:00:00,4.01
2002-05-30 00:00:00,3.93
2002-05-31 00:00:00,3.93
2002-06-01 00:00:00,3.85
2002-06-02 00:00:00,3.93
2002-06-03 00:00:00,4.01
2002-06-04 00:00:00,4.1
2002-06-05 00:00:00,4.18
2002-06-06 00:00:00,4.26
2002-06-07 00:00:00,4.26
2002-06-08 00:00:00,4.35
2002-06-09 00:00:00,4.43
2002-06-10 00:00:00,4.52
2002-06-11 00:00:00,4.52
2002-06-12 00:00:00,4.6
2002-06-13 00:00:00,4.26
2002-06-14 00:00:00,3.7
2002-06-15 00:00:00,3.77
2002-06-16 00:00:00,3.85
2002-06-17 00:00:00,3.93
2002-06-18 00:00:00,3.93
2002-06-19 00:00:00,4.01
2002-06-20 00:00:00,4.1
2002-06-21 00:00:00,4.1
2002-06-22 00:00:00,4.18
2002-06-23 00:00:00,3.93
2002-06-24 00:00:00,3.85
2002-06-25 00:00:00,3.77
2002-06-26 00:00:00,3.77
2002-06-27 00:00:00,3.85
2002-06-28 00:00:00,3.77
2002-06-29 00:00:00,3.77
2002-06-30 00:00:00,3.85
2002-07-01 00:00:00,3.93
2002-07-02 00:00:00,4.01
2002-07-03 00:00:00,4.1
2002-07-04 00:00:00,3.77
2002-07-05 00:00:00,3.7
2002-07-06 00:00:00,3.62
2002-07-07 00:00:00,3.62
2002-07-08 00:00:00,3.54
2002-07-09 00:00:00,3.62
2002-07-10 00:00:00,3.7
2002-07-11 00:00:00,3.85
2002-07-12 00:00:00,3.93
2002-07-13 00:00:00,4.01
2002-07-14 00:00:00,4.1
2002-07-15 00:00:00,4.18
2002-07-16 00:00:00,4.18
2002-07-17 00:00:00,4.1
2002-07-18 00:00:00,4.1
2002-07-19 00:00:00,4.18
2002-07-20 00:00:00,4.26
2002-07-21 00:00:00,4.35
2002-07-22 00:00:00,4.43
2002-07-23 00:00:00,4.52
2002-07-24 00:00:00,4.52
2002-07-25 00:00:00,3.39
2002-07-26 00:00:00,3.54
2002-07-27 00:00:00,3.62
2002-07-28 00:00:00,3.7
2002-07-29 00:00:00,2.43
2002-07-30 00:00:00,1.15
2002-07-31 00:00:00,2.18
2002-08-01 00:00:00,3.32
2002-08-12 00:00:00,1.28
2002-08-13 00:00:00,1.23
2002-08-23 00:00:00,23.16
2002-08-24 00:00:00,31.41
2002-08-25 00:00:00,8.21
2002-08-26 00:00:00,5.47
2002-08-27 00:00:00,4.65
2002-08-28 00:00:00,4.47
2002-08-29 00:00:00,4.3
2002-08-30 00:00:00,4.14
2002-08-31 00:00:00,4.05
2002-09-01 00:00:00,10.18
2002-09-02 00:00:00,30.5
2002-09-03 00:00:00,130.56
2002-09-04 00:00:00,151.26
2002-09-05 00:00:00,123.7
2002-09-06 00:00:00,75.48
2002-09-07 00:00:00,62.68
2002-09-08 00:00:00,51.35
2002-09-09 00:00:00,50.49
2002-09-10 00:00:00,128.26
2002-09-11 00:00:00,193.81
2002-09-12 00:00:00,192.69
2002-09-13 00:00:00,192.12
2002-09-14 00:00:00,183.78
2002-09-15 00:00:00,174.01
2002-09-16 00:00:00,162.44
2002-09-17 00:00:00,99.32
2002-09-18 00:00:00,70.62
2002-09-19 00:00:00,43.27
2002-09-20 00:00:00,88.32
2002-09-21 00:00:00,184.88
2002-09-22 00:00:00,134.3
2002-09-23 00:00:00,121.9
2002-09-24 00:00:00,87.18
2002-09-25 00:00:00,81.95
2002-09-26 00:00:00,58.88
2002-09-27 00:00:00,42.47
2002-09-28 00:00:00,39.1
2002-09-29 00:00:00,38.35
2002-09-30 00:00:00,37.6
2002-10-01 00:00:00,37.1
2002-10-02 00:00:00,38.35
2002-10-03 00:00:00,36.36
2002-10-04 00:00:00,32.55
2002-10-05 00:00:00,26.39
2002-10-06 00:00:00,21.07
2002-10-07 00:00:00,18.19
2002-10-08 00:00:00,37.35
2002-10-09 00:00:00,69.94
2002-10-10 00:00:00,70.62
2002-10-11 00:00:00,52.82
2002-10-12 00:00:00,46.53
2002-10-13 00:00:00,34.43
2002-10-14 00:00:00,26.81
2002-10-15 00:00:00,25.57
2002-10-16 00:00:00,24.96
2002-10-17 00:00:00,24.15
2002-10-18 00:00:00,23.36
2002-10-19 00:00:00,22.58
2002-10-20 00:00:00,21.63
2002-10-21 00:00:00,21.07
2002-10-22 00:00:00,20.15
2002-10-23 00:00:00,19.6
2002-10-24 00:00:00,18.54
2002-10-25 00:00:00,18.02
2002-10-26 00:00:00,17.68
2002-10-27 00:00:00,17.34
2002-10-28 00:00:00,17.51
2002-10-29 00:00:00,18.19
2002-10-30 00:00:00,17.51
2002-10-31 00:00:00,16.01
2002-11-01 00:00:00,14.74
2002-11-02 00:00:00,12.93
2002-11-03 00:00:00,11.65
2002-11-04 00:00:00,11.1
2002-11-05 00:00:00,10.44
2002-11-06 00:00:00,10.18
2002-11-07 00:00:00,9.17
2002-11-08 00:00:00,8.56
2002-11-09 00:00:00,7.87
2002-11-10 00:00:00,7.2
2002-11-11 00:00:00,6.87
2002-11-12 00:00:00,6.35
2002-11-13 00:00:00,5.85
2002-11-14 00:00:00,5.47
2002-11-15 00:00:00,4.91
2002-11-16 00:00:00,4.3
2002-11-17 00:00:00,3.81
2002-11-18 00:00:00,3.58
2002-11-19 00:00:00,3.43
2002-11-20 00:00:00,3.13
2002-11-21 00:00:00,3.35
2002-11-22 00:00:00,3.06
2002-11-23 00:00:00,2.99
2002-11-24 00:00:00,2.46
2002-11-25 00:00:00,2.27
2002-11-26 00:00:00,2.27
2002-11-27 00:00:00,2.21
2002-11-28 00:00:00,2.21
2002-11-29 00:00:00,2.15
2002-11-30 00:00:00,2.15
2002-12-01 00:00:00,2.09
2002-12-02 00:00:00,2.09
2002-12-03 00:00:00,2.03
2002-12-04 00:00:00,2.03
2002-12-05 00:00:00,2.03
2002-12-06 00:00:00,1.97
2002-12-07 00:00:00,1.97
2002-12-08 00:00:00,1.92
2002-12-09 00:00:00,1.86
2002-12-10 00:00:00,1.7
2002-12-11 00:00:00,1.59
2002-12-12 00:00:00,1.54
2002-12-13 00:00:00,1.49
2002-12-14 00:00:00,1.4
2002-12-15 00:00:00,1.4
2002-12-16 00:00:00,1.35
2002-12-17 00:00:00,1.3
2002-12-18 00:00:00,1.3
2002-12-19 00:00:00,1.26
2002-12-20 00:00:00,1.21
2002-12-21 00:00:00,1.17
2002-12-22 00:00:00,1.17
2002-12-23 00:00:00,1.12
2002-12-24 00:00:00,1.12
2002-12-25 00:00:00,1.08
2002-12-26 00:00:00,1.04
2002-12-27 00:00:00,1.04
2002-12-28 00:00:00,1.0
